timestamp,asset,multiplier,strike_distance_pct,recent_move_pct,time_remaining_sec,futures_trend,contract_price,spot_price,strike_price,side,entry_price,exit_price,pnl_pct,outcome
2026-06-10T21:13:53.347161,BTC,3.24,0.062,-0.000187,215,-0.003017,0.3087,65216.95,69528.53,yes,0.3087,1.0,2.2394,1
2026-06-10T21:13:53.347183,BTC,2.92,0.0637,0.000147,157,0.001109,0.3427,65256.02,69697.77,no,0.3427,1.0,1.918,1
2026-06-10T21:13:53.347193,BTC,3.13,0.0903,-0.000255,542,-0.002697,0.3195,65036.78,71495.99,yes,0.3195,0.0,-1.0,0
2026-06-10T21:13:53.347205,BTC,3.82,0.0748,0.000108,620,-0.00032,0.2617,65005.01,70259.5,no,0.2617,1.0,2.8213,1
2026-06-10T21:13:53.347236,BTC,4.06,0.0852,0.000508,617,0.001344,0.2462,65277.2,71354.41,no,0.2462,0.0,-1.0,0
2026-06-10T21:13:53.347289,BTC,2.69,0.033,0.000584,255,-0.004276,0.3711,64748.29,66957.22,no,0.3711,0.0,-1.0,0
2026-06-10T21:13:53.347396,BTC,2.55,0.0476,-0.000758,683,-0.000921,0.3917,65199.92,68457.03,yes,0.3917,0.0,-1.0,0
2026-06-10T21:13:53.347459,BTC,2.86,0.0899,0.000318,764,0.000671,0.3495,65265.58,71712.29,no,0.3495,1.0,1.8609,1
2026-06-10T21:13:53.347558,BTC,3.14,0.0531,0.000309,484,0.00018,0.3181,65227.25,68885.03,no,0.3181,0.0,-1.0,0
2026-06-10T21:13:53.347581,BTC,3.48,0.0655,-0.000284,698,0.000669,0.2877,65142.23,69711.33,yes,0.2877,0.0,-1.0,0
2026-06-10T21:13:53.347607,BTC,3.0,0.0902,-0.000528,364,-0.001405,0.3335,64869.64,71301.03,yes,0.3335,0.0,-1.0,0
2026-06-10T21:13:53.347619,BTC,3.14,0.0787,-0.000198,829,-0.00235,0.3183,64677.6,70203.66,yes,0.3183,1.0,2.1417,1
2026-06-10T21:13:53.347684,BTC,2.79,0.058,-0.000185,710,0.002221,0.3582,65430.41,69459.03,yes,0.3582,0.0,-1.0,0
2026-06-10T21:13:53.347708,BTC,2.62,0.0571,-0.00039,539,-0.001637,0.3812,65276.84,69232.63,yes,0.3812,1.0,1.6234,1
2026-06-10T21:13:53.347720,BTC,3.44,0.0358,0.000868,497,-0.00116,0.2905,65179.67,67601.77,no,0.2905,1.0,2.4419,1
2026-06-10T21:13:53.347840,BTC,2.58,0.0717,0.000881,376,-0.001852,0.3869,64773.85,69776.18,no,0.3869,0.0,-1.0,0
2026-06-10T21:13:53.347968,BTC,3.03,0.0838,-0.000297,140,0.003725,0.3303,65449.36,71432.44,yes,0.3303,0.0,-1.0,0
2026-06-10T21:13:53.348072,BTC,2.87,0.0767,0.000251,566,0.000102,0.3488,65270.98,70694.29,no,0.3488,0.0,-1.0,0
2026-06-10T21:13:53.348143,BTC,2.76,0.0685,0.000297,416,0.001787,0.3623,65215.32,70013.95,no,0.3623,0.0,-1.0,0
2026-06-10T21:13:53.348219,BTC,2.58,0.0771,-0.000438,486,-0.000607,0.388,64502.67,69888.63,yes,0.388,1.0,1.5773,1
2026-06-10T21:13:53.348372,BTC,2.99,0.087,0.00047,849,-0.00119,0.3347,64573.29,70726.01,no,0.3347,1.0,1.9874,1
2026-06-10T21:13:53.348383,BTC,3.22,0.0586,-0.000355,333,-0.002253,0.3107,64390.87,68397.51,yes,0.3107,0.0,-1.0,0
2026-06-10T21:13:53.348429,BTC,3.22,0.0841,-0.00035,422,-0.001295,0.311,64185.03,70077.77,yes,0.311,1.0,2.2155,1
2026-06-10T21:13:53.348486,BTC,3.21,0.0751,-0.000307,603,-0.002682,0.3119,64282.23,69504.33,yes,0.3119,0.0,-1.0,0
2026-06-10T21:13:53.348521,BTC,2.84,0.067,-0.000741,712,-0.000277,0.3516,64087.65,68689.24,yes,0.3516,1.0,1.8438,1
2026-06-10T21:13:53.348582,BTC,2.54,0.0336,-0.00013,748,2.9e-05,0.3935,64379.69,66618.8,yes,0.3935,1.0,1.5411,1
2026-06-10T21:13:53.348709,BTC,2.72,0.0779,0.000724,289,-0.002803,0.3677,64086.31,69499.43,no,0.3677,1.0,1.7194,1
2026-06-10T21:13:53.348735,BTC,2.96,0.0463,-0.000393,803,-0.002235,0.3377,63820.99,66916.46,yes,0.3377,0.0,-1.0,0
2026-06-10T21:13:53.348817,BTC,3.0,0.0714,-0.000269,617,-0.000525,0.3334,63774.34,68679.83,yes,0.3334,1.0,1.9995,1
2026-06-10T21:13:53.348858,BTC,3.22,0.0717,0.000367,205,0.000186,0.3108,63740.25,68666.55,no,0.3108,0.0,-1.0,0
2026-06-10T21:13:53.348946,BTC,2.8,0.0673,0.0006,266,-0.000855,0.3575,63035.52,67584.67,no,0.3575,0.0,-1.0,0
2026-06-10T21:13:53.348957,BTC,2.63,0.0566,0.000378,301,-0.00073,0.3799,62976.76,66754.86,no,0.3799,0.0,-1.0,0
2026-06-10T21:13:53.348977,BTC,3.22,0.0789,-0.000635,255,0.001382,0.3104,63108.22,68510.99,yes,0.3104,0.0,-1.0,0
2026-06-10T21:13:53.349006,BTC,2.67,0.0543,-0.000143,215,0.000769,0.3746,63282.47,66916.21,yes,0.3746,1.0,1.6693,1
2026-06-10T21:13:53.349016,BTC,3.95,0.0875,0.000747,590,-0.003611,0.2533,62999.37,69039.54,no,0.2533,1.0,2.9476,1
2026-06-10T21:13:53.349307,BTC,2.97,0.0366,-0.000117,780,-0.002852,0.3366,63540.01,65950.54,yes,0.3366,1.0,1.9708,1
2026-06-10T21:13:53.349388,BTC,2.75,0.061,-0.000419,722,0.000259,0.3632,63750.0,67893.26,yes,0.3632,1.0,1.7534,1
2026-06-10T21:13:53.349425,BTC,2.81,0.0778,0.00104,274,0.000956,0.356,63568.72,68928.18,no,0.356,1.0,1.8089,1
2026-06-10T21:13:53.349436,BTC,2.91,0.0601,0.000138,486,-0.001992,0.3434,63392.67,67443.14,no,0.3434,0.0,-1.0,0
2026-06-10T21:13:53.349483,BTC,2.66,0.0372,-0.00059,407,-0.00059,0.3761,63417.69,65867.58,yes,0.3761,1.0,1.659,1
2026-06-10T21:13:53.349706,BTC,2.56,0.0467,-0.000889,215,-4e-05,0.3902,62967.28,66055.16,yes,0.3902,1.0,1.5628,1
2026-06-10T21:13:53.349760,BTC,2.61,0.0265,-0.000355,593,-0.002004,0.383,63094.17,64808.37,yes,0.383,0.0,-1.0,0
2026-06-10T21:13:53.349861,BTC,2.95,0.0639,-0.000477,408,0.000122,0.3395,62622.8,66897.71,yes,0.3395,0.0,-1.0,0
2026-06-10T21:13:53.349872,BTC,2.74,0.0703,-0.000164,801,0.001631,0.3643,62701.11,67442.49,yes,0.3643,0.0,-1.0,0
2026-06-10T21:13:53.349917,BTC,3.04,0.0905,-0.000145,467,-0.001129,0.3289,62730.32,68971.74,yes,0.3289,0.0,-1.0,0
2026-06-10T21:13:53.349950,BTC,2.55,0.05,-0.000228,841,-0.001305,0.3921,62572.25,65868.41,yes,0.3921,0.0,-1.0,0
2026-06-10T21:13:53.349973,BTC,3.97,0.0908,0.000146,656,-0.001731,0.2522,62480.96,68720.26,no,0.2522,1.0,2.9656,1
2026-06-10T21:13:53.349982,BTC,2.68,0.0449,-0.000309,709,-0.003314,0.3725,62219.04,65142.04,yes,0.3725,1.0,1.6846,1
2026-06-10T21:13:53.350037,BTC,2.65,0.0633,0.000993,180,0.00138,0.3777,62191.03,66394.17,no,0.3777,1.0,1.6474,1
2026-06-10T21:13:53.350089,BTC,2.59,0.0567,-0.000529,765,-0.000439,0.3868,61668.74,65375.76,yes,0.3868,0.0,-1.0,0
2026-06-10T21:13:53.350120,BTC,2.96,0.0776,-0.00011,592,0.001644,0.3375,61811.61,67013.55,yes,0.3375,0.0,-1.0,0
2026-06-10T21:13:53.350143,BTC,3.53,0.0494,-0.000758,306,-0.001779,0.2832,61465.28,64656.92,yes,0.2832,1.0,2.5309,1
2026-06-10T21:13:53.350153,BTC,2.83,0.0527,0.00037,765,-0.000476,0.3534,61452.47,64868.9,no,0.3534,0.0,-1.0,0
2026-06-10T21:13:53.350238,BTC,3.45,0.0835,0.000554,262,-0.001037,0.2896,61050.02,66610.82,no,0.2896,0.0,-1.0,0
2026-06-10T21:13:53.350291,BTC,3.18,0.0835,-0.000632,552,-0.003059,0.3141,60793.18,66332.08,yes,0.3141,1.0,2.1837,1
2026-06-10T21:13:53.350450,BTC,2.79,0.054,-0.000815,671,0.001431,0.358,60671.28,64134.36,yes,0.358,0.0,-1.0,0
2026-06-10T21:13:53.350471,BTC,2.85,0.0385,-0.000416,418,0.00063,0.3507,60567.83,62992.81,yes,0.3507,1.0,1.8516,1
2026-06-10T21:13:53.350537,BTC,2.77,0.0872,-0.000342,654,5.7e-05,0.3608,60717.59,66518.96,yes,0.3608,0.0,-1.0,0
2026-06-10T21:13:53.350561,BTC,3.12,0.0798,0.000522,783,-0.000402,0.3205,60679.56,65938.62,no,0.3205,0.0,-1.0,0
2026-06-10T21:13:53.350583,BTC,2.86,0.0711,0.00026,555,-0.002568,0.3491,60369.94,64993.33,no,0.3491,0.0,-1.0,0
2026-06-10T21:13:53.350657,BTC,2.54,0.0908,0.000668,542,-0.001143,0.3944,60299.9,66321.5,no,0.3944,0.0,-1.0,0
2026-06-10T21:13:53.350788,BTC,3.92,0.0765,0.00057,209,0.001004,0.255,59889.63,64848.95,no,0.255,0.0,-1.0,0
2026-06-10T21:13:53.350829,BTC,3.74,0.0852,0.000115,520,-0.000504,0.2674,59744.5,65308.57,no,0.2674,0.0,-1.0,0
2026-06-10T21:13:53.350841,BTC,2.74,0.0436,0.000165,339,-0.000597,0.3651,59721.48,62447.0,no,0.3651,0.0,-1.0,0
2026-06-10T21:13:53.350861,BTC,2.64,0.0426,-0.000175,564,0.00199,0.3786,59906.34,62569.67,yes,0.3786,1.0,1.641,1
2026-06-10T21:13:53.350894,BTC,3.13,0.0218,-0.000477,475,-0.001037,0.3198,60201.39,61546.1,yes,0.3198,0.0,-1.0,0
2026-06-10T21:13:53.350914,BTC,3.01,0.0767,0.000202,736,4.4e-05,0.3324,60151.94,65146.96,no,0.3324,1.0,2.0086,1
2026-06-10T21:13:53.351066,BTC,4.2,0.09,-0.000959,148,-0.000917,0.2384,59988.82,65921.16,yes,0.2384,1.0,3.195,1
2026-06-10T21:13:53.351114,BTC,3.02,0.0904,-0.00124,805,0.000915,0.3313,60425.99,66428.96,yes,0.3313,1.0,2.0181,1
2026-06-10T21:13:53.351124,BTC,4.22,0.0857,-0.000693,393,-0.001499,0.2368,60313.03,65966.06,yes,0.2368,0.0,-1.0,0
2026-06-10T21:13:53.351405,BTC,2.73,0.032,0.000566,210,-0.000943,0.3664,60347.42,62342.97,no,0.3664,0.0,-1.0,0
2026-06-10T21:13:53.351558,BTC,5.22,0.0793,-0.000745,774,-0.001764,0.1916,60311.37,65507.37,yes,0.1916,1.0,4.2199,1
2026-06-10T21:13:53.351610,BTC,3.49,0.0864,-0.000546,644,0.000382,0.2868,60600.6,66334.69,yes,0.2868,1.0,2.4867,1
2026-06-10T21:13:53.351622,BTC,2.67,0.0426,0.000457,507,-0.001057,0.3749,60503.43,63195.32,no,0.3749,0.0,-1.0,0
2026-06-10T21:13:53.351706,BTC,2.52,0.0305,-0.000369,846,0.003638,0.3965,60871.01,62788.77,yes,0.3965,0.0,-1.0,0
2026-06-10T21:13:53.351736,BTC,3.02,0.0692,-0.000666,135,0.001409,0.3315,61034.92,65575.97,yes,0.3315,1.0,2.0167,1
2026-06-10T21:13:53.351761,BTC,2.63,0.0737,-0.00056,264,-0.000494,0.3807,60836.96,65678.59,yes,0.3807,1.0,1.6266,1
2026-06-10T21:13:53.351771,BTC,3.03,0.0702,-0.000633,703,-0.000403,0.3304,60812.04,65405.61,yes,0.3304,1.0,2.0262,1
2026-06-10T21:13:53.351782,BTC,2.84,0.0289,-0.000323,436,0.00093,0.3517,60878.4,62690.56,yes,0.3517,1.0,1.8434,1
2026-06-10T21:13:53.351880,BTC,2.79,0.0613,0.00065,643,0.000429,0.358,60358.59,64298.38,no,0.358,0.0,-1.0,0
2026-06-10T21:13:53.351899,BTC,2.92,0.0799,0.000197,399,-0.002508,0.3421,60237.27,65464.7,no,0.3421,0.0,-1.0,0
2026-06-10T21:13:53.351948,BTC,2.88,0.0802,-0.000667,576,0.00353,0.3469,60872.04,66181.0,yes,0.3469,1.0,1.8826,1
2026-06-10T21:13:53.351990,BTC,2.69,0.0286,-0.000338,745,-0.000928,0.3717,60865.98,62659.68,yes,0.3717,1.0,1.6904,1
2026-06-10T21:13:53.352002,BTC,2.6,0.0721,-0.000279,223,-0.000557,0.3843,60833.43,65563.03,yes,0.3843,1.0,1.6023,1
2026-06-10T21:13:53.352055,BTC,2.71,0.0301,-0.000261,167,0.000447,0.3687,60768.76,62652.77,yes,0.3687,0.0,-1.0,0
2026-06-10T21:13:53.352088,BTC,2.51,0.0814,-0.000788,211,0.002023,0.3987,61013.23,66418.68,yes,0.3987,1.0,1.5084,1
2026-06-10T21:13:53.352132,BTC,3.46,0.0872,-0.00072,672,-0.00022,0.289,61025.02,66856.78,yes,0.289,1.0,2.4603,1
2026-06-10T21:13:53.352265,BTC,3.03,0.0793,-0.000982,597,-0.001101,0.3301,61087.85,66352.71,yes,0.3301,0.0,-1.0,0
2026-06-10T21:13:53.352299,BTC,2.92,0.0546,-0.001103,395,0.003825,0.3422,61572.7,65127.64,yes,0.3422,0.0,-1.0,0
2026-06-10T21:13:53.352431,BTC,3.03,0.0663,-0.000419,190,-0.001152,0.3299,61132.05,65471.88,yes,0.3299,0.0,-1.0,0
2026-06-10T21:13:53.352620,BTC,2.71,0.0692,-0.000597,292,-0.000231,0.3696,60719.84,65235.77,yes,0.3696,1.0,1.7053,1
2026-06-10T21:13:53.352671,BTC,3.03,0.0623,-0.000173,361,0.002286,0.3303,60755.67,64789.78,yes,0.3303,1.0,2.028,1
2026-06-10T21:13:53.352809,BTC,4.51,0.0818,-0.000186,486,-0.001268,0.2218,60195.13,65557.09,yes,0.2218,0.0,-1.0,0
2026-06-10T21:13:53.352894,BTC,2.69,0.0683,-0.000307,631,-0.000894,0.3718,60033.36,64433.84,yes,0.3718,1.0,1.6899,1
2026-06-10T21:13:53.352919,BTC,2.64,0.0661,0.000561,709,-0.004064,0.3787,59913.9,64156.36,no,0.3787,0.0,-1.0,0
2026-06-10T21:13:53.353026,BTC,3.42,0.0565,0.00105,238,-0.000608,0.2921,59728.09,63301.53,no,0.2921,0.0,-1.0,0
2026-06-10T21:13:53.353051,BTC,2.82,0.0315,-0.000547,241,-0.001041,0.355,59575.4,61515.69,yes,0.355,1.0,1.8169,1
2026-06-10T21:13:53.353190,BTC,2.7,0.0294,0.00013,702,0.000106,0.3708,59188.83,60981.77,no,0.3708,1.0,1.6971,1
2026-06-10T21:13:53.353232,BTC,2.94,0.0429,-0.000846,551,0.003698,0.3398,59874.76,62556.65,yes,0.3398,1.0,1.9429,1
2026-06-10T21:13:53.353339,BTC,2.88,0.0471,0.000443,786,0.000144,0.3475,59810.76,62768.6,no,0.3475,0.0,-1.0,0
2026-06-10T21:13:53.353412,BTC,2.9,0.0906,-0.000711,679,0.001622,0.3445,60051.46,66031.82,yes,0.3445,1.0,1.9029,1
2026-06-10T21:13:53.353577,BTC,2.69,0.0748,-0.000768,836,-0.003293,0.3714,59911.24,64752.18,yes,0.3714,1.0,1.6927,1
2026-06-10T21:13:53.353783,BTC,3.68,0.0909,-0.000219,343,-0.000381,0.2719,59587.36,65544.78,yes,0.2719,0.0,-1.0,0
2026-06-10T21:13:53.353835,BTC,2.5,0.0617,-0.000287,788,-0.000993,0.3998,59603.91,63524.33,yes,0.3998,0.0,-1.0,0
2026-06-10T21:13:53.353934,BTC,2.91,0.0662,-0.000393,169,-0.00072,0.3439,59495.04,63710.02,yes,0.3439,1.0,1.908,1
2026-06-10T21:13:53.353994,BTC,3.21,0.039,-0.000136,227,-6.5e-05,0.3113,59548.57,61966.06,yes,0.3113,0.0,-1.0,0
2026-06-10T21:13:53.354006,BTC,4.36,0.0905,-0.00029,613,-0.003904,0.2294,59284.35,65180.14,yes,0.2294,0.0,-1.0,0
2026-06-10T21:13:53.354096,BTC,2.92,0.0748,0.000322,710,-0.000989,0.3422,58742.33,63492.01,no,0.3422,1.0,1.9221,1
2026-06-10T21:13:53.354140,BTC,2.79,0.0658,0.000169,228,-0.000705,0.3588,58868.79,63018.09,no,0.3588,1.0,1.7871,1
2026-06-10T21:13:53.354194,BTC,2.74,0.0817,0.001083,223,-0.001938,0.3646,58610.95,63824.38,no,0.3646,0.0,-1.0,0
2026-06-10T21:13:53.354208,BTC,3.11,0.0586,-0.001009,145,-0.001383,0.322,58557.39,62199.83,yes,0.322,1.0,2.1058,1
2026-06-10T21:13:53.354271,BTC,3.34,0.0821,-0.000162,354,0.000289,0.2995,57963.09,63149.89,yes,0.2995,0.0,-1.0,0
2026-06-10T21:13:53.354339,BTC,4.06,0.0848,-0.000241,784,0.00279,0.2463,58306.28,63706.4,yes,0.2463,0.0,-1.0,0
2026-06-10T21:13:53.354508,BTC,2.63,0.0781,0.000118,211,-0.002361,0.3797,58109.12,63031.49,no,0.3797,1.0,1.6338,1
2026-06-10T21:13:53.354568,BTC,2.96,0.0604,-0.000414,203,-0.001196,0.3378,58090.32,61822.48,yes,0.3378,0.0,-1.0,0
2026-06-10T21:13:53.354652,BTC,2.52,0.0893,-0.000277,608,-0.000194,0.3962,57982.53,63666.32,yes,0.3962,1.0,1.5237,1
2026-06-10T21:13:53.354732,BTC,2.54,0.0015,-0.000856,407,0.000775,0.3939,58169.06,58081.08,yes,0.3939,1.0,1.5389,1
2026-06-10T21:13:53.354760,BTC,3.6,0.0727,0.000797,426,-0.000213,0.2781,58026.45,62577.74,no,0.2781,0.0,-1.0,0
2026-06-10T21:13:53.354885,BTC,2.7,0.0661,-0.000194,257,0.000878,0.3705,57685.35,61765.58,yes,0.3705,1.0,1.6992,1
2026-06-10T21:13:53.354919,BTC,2.61,0.0586,0.001007,262,-0.000544,0.3835,57667.99,61255.85,no,0.3835,1.0,1.6079,1
2026-06-10T21:13:53.354933,BTC,3.0,0.0801,0.00048,777,-2.2e-05,0.3337,57629.52,62650.57,no,0.3337,0.0,-1.0,0
2026-06-10T21:13:53.354955,BTC,2.97,0.0575,-0.000215,360,0.000561,0.3372,57488.27,60997.5,yes,0.3372,0.0,-1.0,0
2026-06-10T21:13:53.355138,BTC,2.75,0.0711,0.000364,171,0.000209,0.3642,57740.74,62158.66,no,0.3642,0.0,-1.0,0
2026-06-10T21:13:53.355149,BTC,2.69,0.0206,-0.000484,372,-0.002713,0.3721,57563.25,58771.75,yes,0.3721,0.0,-1.0,0
2026-06-10T21:13:53.355220,BTC,3.43,0.0748,-0.000251,143,0.003971,0.2919,57524.99,62175.57,yes,0.2919,1.0,2.4253,1
2026-06-10T21:13:53.355239,BTC,2.62,0.0671,-0.000583,774,-0.003236,0.3821,57313.82,61437.18,yes,0.3821,0.0,-1.0,0
2026-06-10T21:13:53.355250,BTC,3.69,0.0808,-0.000674,472,0.001824,0.2707,57465.82,62516.06,yes,0.2707,1.0,2.6944,1
2026-06-10T21:13:53.355343,BTC,3.08,0.0646,-0.000484,568,-0.000815,0.3249,57631.94,61611.42,yes,0.3249,1.0,2.0782,1
2026-06-10T21:13:53.355367,BTC,2.61,0.0775,0.000159,339,0.002568,0.3835,57696.88,62540.95,no,0.3835,0.0,-1.0,0
2026-06-10T21:13:53.355391,BTC,3.16,0.0516,-0.000596,286,-0.000954,0.3163,57580.18,60715.0,yes,0.3163,1.0,2.1614,1
2026-06-10T21:13:53.355484,BTC,2.91,0.0709,-0.000582,737,-0.001939,0.3433,57121.73,61480.41,yes,0.3433,0.0,-1.0,0
2026-06-10T21:13:53.355765,BTC,2.53,0.0813,0.000637,282,-0.002367,0.3947,57865.33,62986.57,no,0.3947,0.0,-1.0,0
2026-06-10T21:13:53.355778,BTC,3.27,0.0822,-0.00028,603,-0.00142,0.3062,57752.07,62924.45,yes,0.3062,0.0,-1.0,0
2026-06-10T21:13:53.355860,BTC,2.67,0.0682,0.000293,152,-1.7e-05,0.3746,57934.36,62176.15,no,0.3746,1.0,1.6697,1
2026-06-10T21:13:53.355928,BTC,3.38,0.0866,-0.000596,470,0.001018,0.2961,58146.89,63657.1,yes,0.2961,1.0,2.3775,1
2026-06-10T21:13:53.355976,BTC,2.58,0.0523,0.000437,328,0.003112,0.3871,58326.47,61546.02,no,0.3871,0.0,-1.0,0
2026-06-10T21:13:53.356075,BTC,3.65,0.0762,-0.000403,195,0.00161,0.2742,58443.82,63263.94,yes,0.2742,0.0,-1.0,0
2026-06-10T21:13:53.356097,BTC,2.74,0.0181,0.000805,279,0.001513,0.3649,58291.09,59363.42,no,0.3649,1.0,1.7402,1
2026-06-10T21:13:53.356147,BTC,2.62,0.0626,0.001026,330,0.000963,0.3817,58377.44,62273.51,no,0.3817,0.0,-1.0,0
2026-06-10T21:13:53.356235,BTC,2.58,0.0398,0.000778,649,0.002436,0.3876,58196.25,60608.53,no,0.3876,0.0,-1.0,0
2026-06-10T21:13:53.356416,BTC,2.57,0.0728,-0.00071,432,-0.000792,0.3891,58077.72,62635.58,yes,0.3891,0.0,-1.0,0
2026-06-10T21:13:53.356453,BTC,2.94,0.0894,-0.000294,230,0.00021,0.3405,58204.58,63921.17,yes,0.3405,1.0,1.937,1
2026-06-10T21:13:53.356475,BTC,2.7,0.077,-0.000362,379,-0.002346,0.3705,58115.74,62965.16,yes,0.3705,0.0,-1.0,0
2026-06-10T21:13:53.356509,BTC,2.59,0.0483,0.000108,133,0.002729,0.3863,58303.73,61261.15,no,0.3863,0.0,-1.0,0
2026-06-10T21:13:53.356795,BTC,3.03,0.0752,0.000706,227,-0.000249,0.3302,58345.05,63090.26,no,0.3302,1.0,2.0281,1
2026-06-10T21:13:53.356836,BTC,3.08,0.0526,-0.000486,609,-0.00266,0.3248,57989.39,61211.4,yes,0.3248,1.0,2.0787,1
2026-06-10T21:13:53.356859,BTC,3.05,0.0759,-0.000506,558,0.001574,0.328,57969.06,62728.83,yes,0.328,0.0,-1.0,0
2026-06-10T21:13:53.356870,BTC,3.01,0.0604,0.000645,661,-0.00064,0.3325,57921.57,61644.34,no,0.3325,1.0,2.0078,1
2026-06-10T21:13:53.356892,BTC,2.5,0.0453,-0.000574,654,-0.000192,0.3994,57814.69,60560.07,yes,0.3994,0.0,-1.0,0
2026-06-10T21:13:53.356971,BTC,2.8,0.0833,0.000624,195,-0.000898,0.3567,58111.33,63393.58,no,0.3567,1.0,1.8032,1
2026-06-10T21:13:53.357009,BTC,2.84,0.0639,-0.000578,330,0.001352,0.3523,58324.36,62306.48,yes,0.3523,1.0,1.8382,1
2026-06-10T21:13:53.357042,BTC,2.92,0.0623,-0.000311,307,0.000692,0.3427,58613.23,62510.04,yes,0.3427,0.0,-1.0,0
2026-06-10T21:13:53.357074,BTC,3.38,0.0588,0.000363,703,0.003461,0.2958,59011.61,62697.69,no,0.2958,1.0,2.3805,1
2026-06-10T21:13:53.357089,BTC,3.12,0.0874,-0.000189,414,-0.002772,0.321,58844.07,64482.78,yes,0.321,1.0,2.1151,1
2026-06-10T21:13:53.357156,BTC,2.53,0.0518,-0.000227,581,0.002484,0.3958,58876.21,62092.2,yes,0.3958,1.0,1.5266,1
2026-06-10T21:13:53.357392,BTC,3.28,0.0885,0.00033,324,-0.000837,0.305,58886.07,64601.51,no,0.305,1.0,2.2787,1
2026-06-10T21:13:53.357548,BTC,4.01,0.083,-0.000224,285,-0.000418,0.2492,59021.04,64361.03,yes,0.2492,1.0,3.0126,1
2026-06-10T21:13:53.357592,BTC,3.06,0.0901,0.000577,600,0.002214,0.3272,59340.09,65212.65,no,0.3272,0.0,-1.0,0
2026-06-10T21:13:53.357605,BTC,3.14,0.0416,0.000857,160,-0.000437,0.3187,59305.18,61877.72,no,0.3187,0.0,-1.0,0
2026-06-10T21:13:53.357641,BTC,3.01,0.0468,0.001298,674,0.000267,0.3318,59443.43,62363.7,no,0.3318,1.0,2.0142,1
2026-06-10T21:13:53.357756,BTC,2.58,0.0271,0.001348,529,0.003746,0.3878,59144.96,60791.14,no,0.3878,0.0,-1.0,0
2026-06-10T21:13:53.357836,BTC,3.37,0.0542,0.000859,127,0.001329,0.2965,59386.19,62791.42,no,0.2965,0.0,-1.0,0
2026-06-10T21:13:53.357905,BTC,2.64,0.0535,-0.0006,255,-0.002615,0.3785,58810.93,62136.04,yes,0.3785,0.0,-1.0,0
2026-06-10T21:13:53.358005,BTC,2.94,0.0597,-0.000219,293,-0.002532,0.3405,58699.93,62425.23,yes,0.3405,0.0,-1.0,0
2026-06-10T21:13:53.358045,BTC,2.79,0.0485,-0.00022,374,-0.000718,0.3579,58785.55,61781.26,yes,0.3579,1.0,1.7942,1
2026-06-10T21:13:53.358195,BTC,2.69,0.0683,-0.000286,630,0.001354,0.3717,58805.81,63118.43,yes,0.3717,0.0,-1.0,0
2026-06-10T21:13:53.358402,BTC,2.94,0.0832,-0.000634,276,-0.00121,0.3399,57714.09,62950.69,yes,0.3399,0.0,-1.0,0
2026-06-10T21:13:53.358456,BTC,3.04,0.0242,-0.000347,583,-0.000963,0.3294,57802.62,59234.33,yes,0.3294,0.0,-1.0,0
2026-06-10T21:13:53.358528,BTC,2.86,0.0441,0.00033,542,-0.000218,0.3496,57886.4,60554.39,no,0.3496,1.0,1.8604,1
2026-06-10T21:13:53.358552,BTC,2.57,0.0434,0.00051,157,-4.5e-05,0.3894,57832.27,60456.74,no,0.3894,1.0,1.5682,1
2026-06-10T21:13:53.358610,BTC,2.81,0.0502,0.000209,150,-0.000981,0.3558,57824.9,60878.88,no,0.3558,1.0,1.8102,1
2026-06-10T21:13:53.358660,BTC,3.66,0.0906,0.000187,559,0.000944,0.2735,57696.05,63444.72,no,0.2735,0.0,-1.0,0
2026-06-10T21:13:53.358718,BTC,3.04,0.066,0.000731,444,0.00084,0.3292,57752.0,61834.81,no,0.3292,0.0,-1.0,0
2026-06-10T21:13:53.358728,BTC,2.96,0.0818,0.000129,836,-0.001072,0.3375,57665.46,62805.06,no,0.3375,1.0,1.9632,1
2026-06-10T21:13:53.358851,BTC,2.53,0.0718,-0.00061,575,-0.003588,0.3958,57743.08,62206.55,yes,0.3958,1.0,1.5267,1
2026-06-10T21:13:53.358946,BTC,3.82,0.0795,0.000495,679,0.000356,0.2615,57356.95,62312.16,no,0.2615,1.0,2.8247,1
2026-06-10T21:13:53.358981,BTC,2.75,0.0733,0.000589,307,0.001959,0.3638,57577.32,62132.39,no,0.3638,1.0,1.7489,1
2026-06-10T21:13:53.358992,BTC,2.67,0.0393,-0.000494,594,0.001311,0.3749,57682.7,60041.98,yes,0.3749,0.0,-1.0,0
2026-06-10T21:13:53.359070,BTC,3.87,0.0886,-0.001359,322,-0.001211,0.2581,58098.54,63748.58,yes,0.2581,0.0,-1.0,0
2026-06-10T21:13:53.359098,BTC,3.32,0.0761,-0.00056,701,0.006433,0.3013,58574.24,63396.06,yes,0.3013,0.0,-1.0,0
2026-06-10T21:13:53.359153,BTC,3.14,0.0844,0.000341,693,0.000989,0.3184,58821.07,64243.85,no,0.3184,0.0,-1.0,0
2026-06-10T21:13:53.359184,BTC,2.63,0.0721,-0.000112,399,0.000797,0.3799,58814.77,63384.41,yes,0.3799,0.0,-1.0,0
2026-06-10T21:13:53.359219,BTC,2.71,0.0694,-0.001119,538,-0.001194,0.369,58806.94,63189.88,yes,0.369,1.0,1.7098,1
2026-06-10T21:13:53.359309,BTC,2.75,0.0712,-0.000157,704,0.003309,0.3641,58265.14,62734.59,yes,0.3641,0.0,-1.0,0
2026-06-10T21:13:53.359321,BTC,3.52,0.0807,-0.000782,406,0.001451,0.2837,58337.93,63455.94,yes,0.2837,0.0,-1.0,0
2026-06-10T21:13:53.359402,BTC,3.29,0.0505,-0.000538,567,-0.000741,0.3041,58376.71,61480.73,yes,0.3041,0.0,-1.0,0
2026-06-10T21:13:53.359459,BTC,2.51,0.0296,0.000121,252,0.001185,0.3984,58554.51,60341.11,no,0.3984,1.0,1.5102,1
2026-06-10T21:13:53.359628,BTC,2.62,0.0784,0.000626,431,0.001988,0.3819,59937.33,65037.89,no,0.3819,1.0,1.6183,1
2026-06-10T21:13:53.359641,BTC,3.32,0.0488,-0.001207,570,-0.002057,0.3016,59777.77,62842.13,yes,0.3016,1.0,2.3156,1
2026-06-10T21:13:53.359710,BTC,2.52,0.0506,-0.000392,354,0.000955,0.3972,59960.83,63156.03,yes,0.3972,0.0,-1.0,0
2026-06-10T21:13:53.359781,BTC,2.57,0.0116,-0.001204,625,0.002122,0.3885,60517.7,61230.62,yes,0.3885,0.0,-1.0,0
2026-06-10T21:13:53.359848,BTC,3.1,0.0854,0.000314,635,4.3e-05,0.3221,60881.73,66564.42,no,0.3221,1.0,2.1046,1
2026-06-10T21:13:53.359901,BTC,2.58,0.0774,-0.000103,621,0.002437,0.3882,61396.57,66545.81,yes,0.3882,0.0,-1.0,0
2026-06-10T21:13:53.360032,BTC,2.66,0.0704,0.000238,643,0.002483,0.376,61657.8,66326.59,no,0.376,1.0,1.6599,1
2026-06-10T21:13:53.360047,BTC,2.5,0.077,-0.00016,158,-0.000409,0.3995,61645.67,66788.41,yes,0.3995,1.0,1.5029,1
2026-06-10T21:13:53.360072,BTC,2.57,0.0678,0.000285,811,0.002445,0.389,61704.6,66190.13,no,0.389,1.0,1.5705,1
2026-06-10T21:13:53.360105,BTC,2.65,0.0524,0.000127,319,0.001377,0.3778,61469.26,64869.75,no,0.3778,0.0,-1.0,0
2026-06-10T21:13:53.360175,BTC,2.54,0.0361,-0.000719,386,0.0007,0.3937,61496.27,63796.76,yes,0.3937,1.0,1.5402,1
2026-06-10T21:13:53.360223,BTC,2.73,0.0587,0.000136,452,0.00148,0.3667,61629.23,65475.55,no,0.3667,1.0,1.7273,1
2026-06-10T21:13:53.360233,BTC,2.63,0.0723,0.000206,592,-0.000997,0.3802,61565.66,66364.95,no,0.3802,1.0,1.6304,1
2026-06-10T21:13:53.360310,BTC,2.72,0.0351,-0.000401,829,0.000816,0.3681,61683.54,63929.64,yes,0.3681,1.0,1.7164,1
2026-06-10T21:13:53.360327,BTC,2.95,0.0785,-0.000238,298,0.001106,0.3395,61794.03,67057.5,yes,0.3395,1.0,1.9458,1
2026-06-10T21:13:53.360454,BTC,2.66,0.041,0.000492,390,-0.00097,0.3755,61946.89,64598.57,no,0.3755,0.0,-1.0,0
2026-06-10T21:13:53.360520,BTC,2.97,0.0869,-0.000271,374,0.003886,0.3369,62204.28,68123.09,yes,0.3369,1.0,1.968,1
2026-06-10T21:13:53.360570,BTC,2.59,0.0454,0.000217,557,0.001969,0.3855,62275.68,65237.63,no,0.3855,0.0,-1.0,0
2026-06-10T21:13:53.360775,BTC,2.79,0.0479,0.000213,245,6.2e-05,0.3585,61894.84,65009.8,no,0.3585,0.0,-1.0,0
2026-06-10T21:13:53.360848,BTC,2.76,0.077,0.000216,421,0.000915,0.3625,62081.1,67258.79,no,0.3625,1.0,1.7584,1
2026-06-10T21:13:53.360958,BTC,3.03,0.06,-0.000537,773,-0.000496,0.3301,61923.12,65877.37,yes,0.3301,1.0,2.0293,1
2026-06-10T21:13:53.361096,BTC,2.92,0.0773,0.000216,641,0.001715,0.3426,62225.55,67440.58,no,0.3426,0.0,-1.0,0
2026-06-10T21:13:53.361122,BTC,2.96,0.0668,0.000133,583,-0.001258,0.3384,62137.63,66585.54,no,0.3384,0.0,-1.0,0
2026-06-10T21:13:53.361140,BTC,2.55,0.0825,-0.001073,197,0.002484,0.3918,62326.61,67932.63,yes,0.3918,0.0,-1.0,0
2026-06-10T21:13:53.361229,BTC,3.16,0.0875,0.000254,518,0.001706,0.3165,62354.94,68337.89,no,0.3165,0.0,-1.0,0
2026-06-10T21:13:53.361291,BTC,3.6,0.0905,0.000269,452,0.000916,0.2779,62065.07,68240.92,no,0.2779,1.0,2.598,1
2026-06-10T21:13:53.361344,BTC,2.5,0.0256,-0.000261,601,0.00126,0.4002,62001.09,63632.62,yes,0.4002,1.0,1.4986,1
2026-06-10T21:13:53.361368,BTC,3.17,0.0412,0.000135,441,-0.000586,0.315,61989.82,64650.54,no,0.315,0.0,-1.0,0
2026-06-10T21:13:53.361443,BTC,3.25,0.0642,-0.00014,522,0.000869,0.3076,62151.64,66417.74,yes,0.3076,0.0,-1.0,0
2026-06-10T21:13:53.361633,BTC,2.52,0.0297,0.000358,435,-0.000563,0.3974,62062.79,63962.69,no,0.3974,1.0,1.5163,1
2026-06-10T21:13:53.361807,BTC,3.26,0.0894,0.000482,550,-0.001532,0.3065,62004.37,68091.44,no,0.3065,1.0,2.2623,1
2026-06-10T21:13:53.361830,BTC,2.58,0.0501,-0.000484,459,-0.000356,0.3873,61966.13,65235.16,yes,0.3873,0.0,-1.0,0
2026-06-10T21:13:53.361936,BTC,2.64,0.0794,-0.000465,242,-0.001434,0.3787,61798.92,67129.97,yes,0.3787,0.0,-1.0,0
2026-06-10T21:13:53.362235,BTC,2.68,0.0825,0.00016,292,-0.00103,0.3737,61868.25,67430.8,no,0.3737,1.0,1.6759,1
2026-06-10T21:13:53.362297,BTC,2.62,0.0478,-0.000456,537,-0.002674,0.3823,61646.13,64739.46,yes,0.3823,1.0,1.6161,1
2026-06-10T21:13:53.362365,BTC,2.65,0.0493,0.000795,469,0.000535,0.3775,61700.15,64896.33,no,0.3775,1.0,1.6488,1
2026-06-10T21:13:53.362385,BTC,3.16,0.0602,0.000277,632,0.000145,0.3168,61689.43,65639.33,no,0.3168,1.0,2.1562,1
2026-06-10T21:13:53.362500,BTC,3.28,0.0592,0.000364,400,0.002315,0.3048,61953.94,65850.96,no,0.3048,0.0,-1.0,0
2026-06-10T21:13:53.362521,BTC,2.95,0.0635,0.000912,229,-0.002285,0.3395,61814.31,66003.62,no,0.3395,1.0,1.9451,1
2026-06-10T21:13:53.362563,BTC,2.59,0.0182,-0.000581,331,-0.000204,0.3856,61722.07,62866.01,yes,0.3856,0.0,-1.0,0
2026-06-10T21:13:53.362581,BTC,3.44,0.0434,-0.000155,236,-0.002529,0.291,61525.31,64317.0,yes,0.291,0.0,-1.0,0
2026-06-10T21:13:53.362649,BTC,3.54,0.079,-0.000591,175,0.00122,0.2823,61919.07,67229.27,yes,0.2823,1.0,2.5417,1
2026-06-10T21:13:53.362691,BTC,2.56,0.0369,-0.00011,559,0.003419,0.3906,62190.06,64575.56,yes,0.3906,1.0,1.5599,1
2026-06-10T21:13:53.362849,BTC,2.54,0.0558,-0.000254,650,-0.002207,0.393,62171.61,65844.47,yes,0.393,1.0,1.5442,1
2026-06-10T21:13:53.362948,BTC,2.74,0.0601,-0.000401,544,-0.00218,0.3648,61766.65,65714.44,yes,0.3648,0.0,-1.0,0
2026-06-10T21:13:53.363084,BTC,3.44,0.0598,-0.001361,700,0.00387,0.2904,61581.16,65499.88,yes,0.2904,0.0,-1.0,0
2026-06-10T21:13:53.363135,BTC,2.74,0.0782,-0.000881,347,-0.004532,0.3644,61527.4,66750.03,yes,0.3644,0.0,-1.0,0
2026-06-10T21:13:53.363203,BTC,2.59,0.0809,0.000276,264,-0.001313,0.386,61612.86,67037.91,no,0.386,0.0,-1.0,0
2026-06-10T21:13:53.363279,BTC,2.59,0.0688,-0.000242,341,2.1e-05,0.3863,61523.81,66070.24,yes,0.3863,0.0,-1.0,0
2026-06-10T21:13:53.363328,BTC,2.61,0.0439,-0.00068,803,0.001639,0.3838,61597.67,64425.72,yes,0.3838,0.0,-1.0,0
2026-06-10T21:13:53.363463,BTC,3.55,0.0735,0.000328,210,-0.001011,0.2814,62006.08,66921.79,no,0.2814,0.0,-1.0,0
2026-06-10T21:13:53.363484,BTC,2.7,0.0741,-0.000908,817,0.000566,0.3702,62032.75,66993.73,yes,0.3702,1.0,1.7016,1
2026-06-10T21:13:53.363545,BTC,3.49,0.0622,0.000167,442,0.001118,0.2867,62152.86,66274.95,no,0.2867,1.0,2.4885,1
2026-06-10T21:13:53.363649,BTC,2.55,0.0245,0.000187,225,-0.001221,0.3916,61968.17,60485.98,no,0.3916,0.0,-1.0,0
2026-06-10T21:13:53.363758,BTC,3.48,0.0873,0.000626,397,-0.000876,0.287,61830.48,67747.56,no,0.287,0.0,-1.0,0
2026-06-10T21:13:53.363794,BTC,2.79,0.0292,-0.000173,844,-0.002061,0.3581,61758.86,63616.14,yes,0.3581,1.0,1.7923,1
2026-06-10T21:13:53.363836,BTC,2.7,0.0382,-0.000629,235,0.00175,0.37,61874.55,64334.19,yes,0.37,1.0,1.7025,1
2026-06-10T21:13:53.363938,BTC,2.51,0.0562,0.000278,218,-0.000658,0.398,61759.94,65435.3,no,0.398,1.0,1.5123,1
2026-06-10T21:13:53.364041,BTC,3.54,0.0891,0.000838,324,0.001056,0.2824,61815.14,67860.66,no,0.2824,0.0,-1.0,0
2026-06-10T21:13:53.364228,BTC,2.97,0.0624,-0.000676,597,-0.001404,0.3369,62179.45,66314.32,yes,0.3369,0.0,-1.0,0
2026-06-10T21:13:53.364297,BTC,3.15,0.0834,0.000597,425,-0.001522,0.3174,62195.81,67851.78,no,0.3174,1.0,2.1504,1
2026-06-10T21:13:53.364446,BTC,2.72,0.0456,-0.000523,584,0.00339,0.3679,62050.33,65016.31,yes,0.3679,1.0,1.7184,1
2026-06-10T21:13:53.364489,BTC,3.04,0.0651,0.00019,554,-0.000275,0.3292,61760.05,66063.66,no,0.3292,1.0,2.0376,1
2026-06-10T21:13:53.364521,BTC,2.61,0.0239,-0.000318,361,0.002787,0.3832,61641.57,63150.07,yes,0.3832,1.0,1.6096,1
2026-06-10T21:13:53.364608,BTC,2.75,0.0908,0.000296,828,-0.001224,0.3639,62053.42,68247.13,no,0.3639,1.0,1.7478,1
2026-06-10T21:13:53.364629,BTC,2.82,0.0418,0.00086,138,-0.000848,0.3546,61934.14,64636.02,no,0.3546,1.0,1.8202,1
2026-06-10T21:13:53.364668,BTC,2.82,0.0651,0.000876,425,0.003071,0.3542,62409.55,66756.73,no,0.3542,0.0,-1.0,0
2026-06-10T21:13:53.364689,BTC,3.3,0.0751,-0.000642,658,-0.001615,0.3029,62183.17,67234.1,yes,0.3029,1.0,2.3017,1
2026-06-10T21:13:53.364805,BTC,2.56,0.052,-0.000924,451,-0.003822,0.3906,62144.65,65551.43,yes,0.3906,1.0,1.5598,1
2026-06-10T21:13:53.364918,BTC,3.07,0.0717,0.001204,721,0.001571,0.3262,62459.47,67284.78,no,0.3262,1.0,2.0652,1
2026-06-10T21:13:53.365001,BTC,2.68,0.0161,-0.000324,336,-0.000456,0.3725,62594.87,63618.33,yes,0.3725,1.0,1.6842,1
2026-06-10T21:13:53.365013,BTC,2.73,0.0584,0.000518,307,-0.002466,0.3663,62383.92,66253.36,no,0.3663,1.0,1.7301,1
2026-06-10T21:13:53.365036,BTC,2.57,0.0561,0.000391,302,0.000272,0.3894,62299.73,66005.47,no,0.3894,0.0,-1.0,0
2026-06-10T21:13:53.365131,BTC,4.3,0.0719,-0.000348,827,0.000123,0.2326,62697.4,67552.06,yes,0.2326,0.0,-1.0,0
2026-06-10T21:13:53.365143,BTC,2.84,0.0888,-0.000404,267,0.001841,0.3521,62829.55,68950.09,yes,0.3521,1.0,1.84,1
2026-06-10T21:13:53.365247,BTC,3.02,0.0849,-0.000289,149,-0.002177,0.3313,63295.4,69165.33,yes,0.3313,1.0,2.0185,1
2026-06-10T21:13:53.365297,BTC,3.03,0.0735,-0.001377,650,-0.001376,0.3298,62741.04,67721.71,yes,0.3298,1.0,2.032,1
2026-06-10T21:13:53.365448,BTC,4.24,0.0852,0.000195,546,-0.000174,0.236,62207.7,67999.76,no,0.236,0.0,-1.0,0
2026-06-10T21:13:53.365484,BTC,2.73,0.09,-0.000658,757,-0.000507,0.3669,62254.91,68412.44,yes,0.3669,1.0,1.7258,1
2026-06-10T21:13:53.365577,BTC,2.54,0.0349,0.000469,164,-0.000593,0.394,62107.92,64351.28,no,0.394,0.0,-1.0,0
2026-06-10T21:13:53.365622,BTC,2.78,0.0593,0.000517,153,-0.000425,0.3598,62258.6,66185.84,no,0.3598,0.0,-1.0,0
2026-06-10T21:13:53.365668,BTC,3.04,0.0537,-0.000592,254,0.000322,0.3291,62366.98,65906.19,yes,0.3291,1.0,2.0388,1
2026-06-10T21:13:53.365687,BTC,2.6,0.0543,-0.000627,319,-0.002382,0.3851,62250.25,65825.78,yes,0.3851,0.0,-1.0,0
2026-06-10T21:13:53.365737,BTC,2.75,0.0598,0.000197,131,0.000838,0.364,62277.49,66237.2,no,0.364,1.0,1.7471,1
2026-06-10T21:13:53.365843,BTC,3.16,0.0842,0.00045,325,-0.001113,0.3169,61943.88,67638.58,no,0.3169,1.0,2.156,1
2026-06-10T21:13:53.365870,BTC,3.2,0.0728,0.000334,837,0.000984,0.3121,61874.24,66733.7,no,0.3121,1.0,2.2044,1
2026-06-10T21:13:53.365880,BTC,2.82,0.0517,-0.00037,715,-0.001013,0.3551,61822.42,65189.89,yes,0.3551,0.0,-1.0,0
2026-06-10T21:13:53.365938,BTC,2.5,0.033,0.000987,142,0.001659,0.3992,61706.64,63812.9,no,0.3992,0.0,-1.0,0
2026-06-10T21:13:53.365989,BTC,2.52,0.0602,0.000604,823,-0.000487,0.3963,61622.69,65569.72,no,0.3963,0.0,-1.0,0
2026-06-10T21:13:53.366045,BTC,2.59,0.0542,0.000619,615,8.2e-05,0.3859,61774.35,65311.51,no,0.3859,0.0,-1.0,0
2026-06-10T21:13:53.366139,BTC,3.16,0.0571,-0.00109,597,-3e-05,0.3165,61757.9,65496.65,yes,0.3165,1.0,2.1593,1
2026-06-10T21:13:53.366161,BTC,2.73,0.0658,0.000481,724,0.001816,0.3665,61944.43,66310.3,no,0.3665,0.0,-1.0,0
2026-06-10T21:13:53.366192,BTC,4.05,0.0859,-0.000478,215,0.001073,0.2467,61992.46,67816.51,yes,0.2467,1.0,3.0535,1
2026-06-10T21:13:53.366250,BTC,2.54,0.0376,-0.00012,482,-0.000458,0.394,61932.18,64352.9,yes,0.394,1.0,1.5383,1
2026-06-10T21:13:53.366273,BTC,2.62,0.0835,0.000141,596,-0.000546,0.3814,61995.17,67640.63,no,0.3814,1.0,1.6222,1
2026-06-10T21:13:53.366295,BTC,3.04,0.0742,-0.000172,179,0.002089,0.3291,62022.16,66991.78,yes,0.3291,1.0,2.0386,1
2026-06-10T21:13:53.366306,BTC,2.82,0.087,0.000773,521,0.000537,0.3541,62038.36,67947.86,no,0.3541,0.0,-1.0,0
2026-06-10T21:13:53.366317,BTC,2.69,0.0607,0.000578,816,0.001543,0.3712,62167.52,66184.79,no,0.3712,1.0,1.6938,1
2026-06-10T21:13:53.366509,BTC,2.6,0.0704,0.000312,571,0.002506,0.384,62335.51,67053.12,no,0.384,1.0,1.6043,1
2026-06-10T21:13:53.366734,BTC,3.69,0.0889,0.000236,284,-0.001702,0.2707,61124.91,67085.58,no,0.2707,0.0,-1.0,0
2026-06-10T21:13:53.366776,BTC,2.62,0.0842,-0.001074,316,0.00209,0.381,61371.46,67012.89,yes,0.381,1.0,1.6247,1
2026-06-10T21:13:53.366801,BTC,3.24,0.0874,-0.000147,820,9.6e-05,0.3089,61298.59,67171.75,yes,0.3089,0.0,-1.0,0
2026-06-10T21:13:53.366838,BTC,2.76,0.0898,-0.000335,453,0.000757,0.3626,61581.12,67659.73,yes,0.3626,0.0,-1.0,0
2026-06-10T21:13:53.366849,BTC,2.64,0.0479,0.000756,527,-0.001865,0.3791,61420.82,64513.48,no,0.3791,0.0,-1.0,0
2026-06-10T21:13:53.366903,BTC,2.61,0.0587,-0.000672,202,0.000852,0.383,61343.59,65168.59,yes,0.383,1.0,1.6112,1
2026-06-10T21:13:53.366918,BTC,4.61,0.0768,0.000188,796,0.001546,0.2169,61452.62,66566.79,no,0.2169,1.0,3.6114,1
2026-06-10T21:13:53.366929,BTC,3.28,0.0653,0.000364,753,0.000753,0.3048,61506.53,65806.19,no,0.3048,1.0,2.2808,1
2026-06-10T21:13:53.366990,BTC,2.64,0.0675,-0.000388,618,0.000591,0.3788,61802.23,66275.85,yes,0.3788,1.0,1.6399,1
2026-06-10T21:13:53.367068,BTC,2.63,0.0472,0.00052,768,-0.00016,0.3802,62232.1,65316.61,no,0.3802,0.0,-1.0,0
2026-06-10T21:13:53.367114,BTC,3.16,0.079,-0.000392,618,0.001431,0.3168,62618.15,67990.81,yes,0.3168,0.0,-1.0,0
2026-06-10T21:13:53.367194,BTC,2.93,0.059,0.000208,525,0.000668,0.3416,63076.17,67030.05,no,0.3416,1.0,1.9273,1
2026-06-10T21:13:53.367215,BTC,2.5,0.0292,0.000725,459,-0.000404,0.4007,63253.06,65152.3,no,0.4007,1.0,1.4958,1
2026-06-10T21:13:53.367341,BTC,2.59,0.0907,0.0005,223,-0.000215,0.3858,63541.56,69875.85,no,0.3858,1.0,1.5923,1
2026-06-10T21:13:53.367378,BTC,2.77,0.0601,-0.000658,227,-0.001099,0.3608,63185.4,67224.71,yes,0.3608,1.0,1.7715,1
2026-06-10T21:13:53.367490,BTC,2.74,0.0679,-0.000414,710,0.001053,0.3643,63122.05,67718.37,yes,0.3643,1.0,1.7447,1
2026-06-10T21:13:53.367555,BTC,3.61,0.0832,0.000154,232,-0.001592,0.277,62953.66,68667.43,no,0.277,0.0,-1.0,0
2026-06-10T21:13:53.367622,BTC,2.56,0.0762,-0.000699,503,0.001799,0.391,63252.83,68470.04,yes,0.391,1.0,1.5574,1
2026-06-10T21:13:53.367681,BTC,2.91,0.0469,0.0007,370,-0.001736,0.3431,63093.45,66199.54,no,0.3431,0.0,-1.0,0
2026-06-10T21:13:53.367716,BTC,2.89,0.0265,0.000532,181,-0.002817,0.3466,62466.32,64164.59,no,0.3466,0.0,-1.0,0
2026-06-10T21:13:53.367795,BTC,2.93,0.0511,-0.000518,380,-0.002829,0.3414,62233.54,65587.1,yes,0.3414,1.0,1.929,1
2026-06-10T21:13:53.367915,BTC,3.16,0.0851,0.000137,424,0.000643,0.3162,62403.75,68208.08,no,0.3162,0.0,-1.0,0
2026-06-10T21:13:53.367999,BTC,2.95,0.0662,-0.00071,292,0.001217,0.3388,62195.17,66606.27,yes,0.3388,1.0,1.9515,1
2026-06-10T21:13:53.368011,BTC,2.94,0.0891,-0.000804,691,0.000301,0.3398,62251.11,68336.8,yes,0.3398,0.0,-1.0,0
2026-06-10T21:13:53.368488,BTC,2.52,0.038,0.000135,197,-0.000103,0.3968,62500.57,64968.37,no,0.3968,1.0,1.5202,1
2026-06-10T21:13:53.368506,BTC,2.63,0.0647,-0.000454,153,7.4e-05,0.3801,62528.92,66857.86,yes,0.3801,0.0,-1.0,0
2026-06-10T21:13:53.368626,BTC,2.84,0.0751,0.000232,465,0.002105,0.352,63034.44,68152.18,no,0.352,1.0,1.8408,1
2026-06-10T21:13:53.368646,BTC,3.45,0.0651,-0.000824,320,-0.00012,0.2899,62768.65,67140.05,yes,0.2899,0.0,-1.0,0
2026-06-10T21:13:53.368751,BTC,2.73,0.0893,-0.000115,479,0.004458,0.3665,63223.64,69425.12,yes,0.3665,1.0,1.7285,1
2026-06-10T21:13:53.368791,BTC,3.3,0.0849,0.000118,282,0.000363,0.3031,63359.27,69235.41,no,0.3031,0.0,-1.0,0
2026-06-10T21:13:53.368814,BTC,2.53,0.0586,0.000564,426,-0.002082,0.3948,63071.7,66996.9,no,0.3948,0.0,-1.0,0
2026-06-10T21:13:53.368927,BTC,2.53,0.0773,0.000345,833,-0.000472,0.3954,63302.6,68607.62,no,0.3954,0.0,-1.0,0
2026-06-10T21:13:53.368938,BTC,2.56,0.0521,0.000194,350,-0.000734,0.3899,63241.83,66719.38,no,0.3899,1.0,1.5645,1
2026-06-10T21:13:53.368960,BTC,2.54,0.0474,-0.000119,450,-0.001546,0.3933,63201.34,66346.44,yes,0.3933,0.0,-1.0,0
2026-06-10T21:13:53.369017,BTC,3.24,0.0766,-0.000205,533,0.00384,0.3085,63734.06,69023.16,yes,0.3085,0.0,-1.0,0
2026-06-10T21:13:53.369147,BTC,2.72,0.0363,0.000317,277,-7e-05,0.3673,63031.81,65405.16,no,0.3673,1.0,1.7227,1
2026-06-10T21:13:53.369206,BTC,2.81,0.0841,-0.000235,768,0.000566,0.3558,62556.63,68300.5,yes,0.3558,0.0,-1.0,0
2026-06-10T21:13:53.369222,BTC,3.02,0.0714,-0.000314,345,0.000431,0.3316,62639.16,67455.83,yes,0.3316,1.0,2.0153,1
2026-06-10T21:13:53.369292,BTC,2.55,0.0624,-0.000329,212,-0.000865,0.3927,62502.07,66663.75,yes,0.3927,1.0,1.5463,1
2026-06-10T21:13:53.369419,BTC,2.54,0.0843,0.000538,754,-0.001552,0.3939,62409.65,68155.66,no,0.3939,0.0,-1.0,0
2026-06-10T21:13:53.369442,BTC,2.79,0.0791,0.000197,263,0.001173,0.359,62637.02,68015.0,no,0.359,0.0,-1.0,0
2026-06-10T21:13:53.369455,BTC,2.8,0.0549,0.000501,304,-0.000474,0.357,62598.54,66235.11,no,0.357,1.0,1.801,1
2026-06-10T21:13:53.369509,BTC,2.79,0.0195,-0.000128,785,-0.000785,0.358,62500.01,63742.03,yes,0.358,1.0,1.793,1
2026-06-10T21:13:53.369547,BTC,3.13,0.0747,-0.000297,731,-0.005148,0.3191,62023.41,67030.26,yes,0.3191,0.0,-1.0,0
2026-06-10T21:13:53.369573,BTC,2.63,0.0823,-0.000196,622,0.001807,0.3809,62197.03,67773.9,yes,0.3809,0.0,-1.0,0
2026-06-10T21:13:53.369628,BTC,2.82,0.0801,-0.000858,725,-0.001198,0.3547,61896.18,67285.8,yes,0.3547,1.0,1.8191,1
2026-06-10T21:13:53.369813,BTC,2.5,0.0044,0.000537,271,-0.001471,0.3995,61721.25,61995.36,no,0.3995,0.0,-1.0,0
2026-06-10T21:13:53.369841,BTC,3.01,0.0743,0.000377,143,0.001959,0.3326,61777.42,66732.48,no,0.3326,1.0,2.007,1
2026-06-10T21:13:53.369896,BTC,2.73,0.0516,0.000479,590,0.000755,0.3663,62007.3,65381.56,no,0.3663,1.0,1.7297,1
2026-06-10T21:13:53.370012,BTC,2.56,0.0506,-0.001261,809,0.002115,0.3912,62526.95,65857.83,yes,0.3912,1.0,1.5561,1
2026-06-10T21:13:53.370143,BTC,2.5,0.0184,-0.000181,374,0.000221,0.3993,61979.16,60856.95,yes,0.3993,1.0,1.5041,1
2026-06-10T21:13:53.370313,BTC,2.81,0.0819,-0.000431,287,-0.001627,0.3561,62127.23,67665.72,yes,0.3561,1.0,1.8084,1
2026-06-10T21:13:53.370540,BTC,2.53,0.0764,0.00029,630,-0.003182,0.3946,62027.34,67157.12,no,0.3946,1.0,1.5341,1
2026-06-10T21:13:53.370666,BTC,2.77,0.0607,0.000201,829,-0.001645,0.3605,61501.09,65472.19,no,0.3605,1.0,1.7742,1
2026-06-10T21:13:53.370677,BTC,2.78,0.0893,-0.000345,791,-0.001568,0.3591,61391.98,67414.24,yes,0.3591,1.0,1.7848,1
2026-06-10T21:13:53.370727,BTC,2.87,0.0617,-0.000335,169,0.002329,0.348,61701.96,65756.07,yes,0.348,0.0,-1.0,0
2026-06-10T21:13:53.370738,BTC,2.82,0.0642,0.000164,613,0.00082,0.3543,61800.72,66039.45,no,0.3543,0.0,-1.0,0
2026-06-10T21:13:53.370767,BTC,3.81,0.0897,0.000561,408,0.000792,0.2625,61943.84,68044.34,no,0.2625,0.0,-1.0,0
2026-06-10T21:13:53.370818,BTC,2.85,0.0891,0.000114,647,-0.002649,0.3514,61967.83,68027.01,no,0.3514,1.0,1.8454,1
2026-06-10T21:13:53.370898,BTC,2.76,0.0724,-0.001286,589,-0.002898,0.3622,61384.21,66174.76,yes,0.3622,0.0,-1.0,0
2026-06-10T21:13:53.370962,BTC,3.84,0.0819,0.001105,166,0.000352,0.2605,61148.33,66602.57,no,0.2605,1.0,2.8391,1
2026-06-10T21:13:53.370999,BTC,2.79,0.0522,0.000337,208,0.000871,0.3579,61454.3,64837.82,no,0.3579,0.0,-1.0,0
2026-06-10T21:13:53.371081,BTC,3.36,0.0885,-0.000484,426,0.000697,0.2979,61503.45,67477.51,yes,0.2979,1.0,2.3567,1
2026-06-10T21:13:53.371093,BTC,3.03,0.0624,-0.00024,579,0.000456,0.3303,61556.61,65651.23,yes,0.3303,0.0,-1.0,0
2026-06-10T21:13:53.371104,BTC,2.56,0.0572,0.000432,727,-0.001561,0.3902,61448.23,65177.86,no,0.3902,0.0,-1.0,0
2026-06-10T21:13:53.371145,BTC,2.71,0.0294,-0.000307,233,-0.003034,0.3684,61100.9,62952.66,yes,0.3684,0.0,-1.0,0
2026-06-10T21:13:53.371161,BTC,3.05,0.0745,0.000309,607,0.001992,0.3282,61280.57,66214.6,no,0.3282,0.0,-1.0,0
2026-06-10T21:13:53.371269,BTC,5.26,0.0899,0.000597,539,0.00101,0.1902,61177.54,67220.9,no,0.1902,0.0,-1.0,0
2026-06-10T21:13:53.371292,BTC,2.91,0.0838,-0.000989,737,-0.001661,0.3431,61055.03,66636.98,yes,0.3431,1.0,1.9149,1
2026-06-10T21:13:53.371308,BTC,3.36,0.0763,-0.000553,357,0.000328,0.2973,61074.68,66116.18,yes,0.2973,1.0,2.3635,1
2026-06-10T21:13:53.371390,BTC,2.64,0.0054,0.000174,123,-0.004569,0.3792,60667.92,60995.72,no,0.3792,0.0,-1.0,0
2026-06-10T21:13:53.371535,BTC,2.64,0.0683,-0.000275,745,-0.003084,0.3787,60729.11,65181.06,yes,0.3787,0.0,-1.0,0
2026-06-10T21:13:53.371677,BTC,2.68,0.0376,-0.001171,566,0.002326,0.3725,60699.32,63072.32,yes,0.3725,0.0,-1.0,0
2026-06-10T21:13:53.371777,BTC,2.54,0.0681,-0.000132,356,-0.003188,0.3941,60328.12,64740.1,yes,0.3941,1.0,1.5375,1
2026-06-10T21:13:53.372055,BTC,2.53,0.0463,0.000356,337,-0.000529,0.3948,59818.12,62724.1,no,0.3948,1.0,1.5326,1
2026-06-10T21:13:53.372145,BTC,2.86,0.077,0.000387,818,0.000132,0.3497,59463.5,64427.59,no,0.3497,1.0,1.8592,1
2026-06-10T21:13:53.372169,BTC,2.79,0.0779,0.001414,825,-0.002664,0.3589,59236.69,64244.12,no,0.3589,0.0,-1.0,0
2026-06-10T21:13:53.372206,BTC,2.5,0.0635,0.000224,344,-0.001738,0.3993,58837.95,62825.61,no,0.3993,0.0,-1.0,0
2026-06-10T21:13:53.372300,BTC,2.82,0.085,0.000113,540,0.001047,0.3546,58539.83,63980.5,no,0.3546,1.0,1.8203,1
2026-06-10T21:13:53.372397,BTC,2.59,0.0696,0.000344,494,-0.003294,0.3859,57956.94,62289.41,no,0.3859,0.0,-1.0,0
2026-06-10T21:13:53.372408,BTC,2.92,0.0874,-0.000233,564,-0.000886,0.3427,57862.87,63403.45,yes,0.3427,0.0,-1.0,0
2026-06-10T21:13:53.372441,BTC,2.71,0.0356,-0.000169,548,0.001152,0.3693,58335.1,60487.74,yes,0.3693,0.0,-1.0,0
2026-06-10T21:13:53.372481,BTC,3.12,0.0675,0.000204,323,-0.000128,0.321,58328.85,62548.62,no,0.321,0.0,-1.0,0
2026-06-10T21:13:53.372517,BTC,3.16,0.0552,0.00023,615,-0.000943,0.3168,58257.73,61661.66,no,0.3168,0.0,-1.0,0
2026-06-10T21:13:53.372736,BTC,2.53,0.08,0.000828,592,-0.00178,0.3946,58679.88,63781.79,no,0.3946,1.0,1.5339,1
2026-06-10T21:13:53.372970,BTC,4.07,0.0705,-0.00044,310,-0.001748,0.2458,58696.95,63151.68,yes,0.2458,1.0,3.0687,1
2026-06-10T21:13:53.373018,BTC,2.69,0.0868,0.000296,441,0.001799,0.3713,59003.92,64614.27,no,0.3713,0.0,-1.0,0
2026-06-10T21:13:53.373209,BTC,2.72,0.0248,0.000631,485,-0.001544,0.3671,58986.11,60484.96,no,0.3671,1.0,1.7238,1
2026-06-10T21:13:53.373255,BTC,2.61,0.0442,-0.000225,261,-0.001406,0.3826,59179.63,61916.42,yes,0.3826,0.0,-1.0,0
2026-06-10T21:13:53.373290,BTC,3.32,0.0729,0.000413,620,-0.000452,0.3016,59534.46,64216.51,no,0.3016,1.0,2.3154,1
2026-06-10T21:13:53.373311,BTC,2.56,0.0544,-0.000232,666,-0.001419,0.3905,59512.53,62936.09,yes,0.3905,0.0,-1.0,0
2026-06-10T21:13:53.373357,BTC,2.56,0.0695,-0.000976,300,0.004111,0.3908,59624.34,64076.12,yes,0.3908,0.0,-1.0,0
2026-06-10T21:13:53.373401,BTC,2.8,0.0285,-0.000661,596,0.001682,0.3576,59795.15,61551.94,yes,0.3576,1.0,1.7967,1
2026-06-10T21:13:53.373457,BTC,2.73,0.0334,0.00041,147,-0.000338,0.366,59457.13,61512.33,no,0.366,0.0,-1.0,0
2026-06-10T21:13:53.373525,BTC,2.94,0.0681,0.000618,302,-0.001539,0.3405,59131.01,63451.89,no,0.3405,1.0,1.9369,1
2026-06-10T21:13:53.373591,BTC,4.21,0.0826,-0.00082,176,-0.000462,0.2374,59070.28,64386.35,yes,0.2374,0.0,-1.0,0
2026-06-10T21:13:53.373644,BTC,3.83,0.0866,-0.000157,204,-0.002471,0.261,58840.12,64421.0,yes,0.261,1.0,2.832,1
2026-06-10T21:13:53.373723,BTC,3.77,0.0768,0.001341,721,0.001139,0.265,59151.77,64069.16,no,0.265,0.0,-1.0,0
2026-06-10T21:13:53.373932,BTC,2.74,0.0614,0.000463,614,-0.000695,0.365,59626.24,63525.84,no,0.365,0.0,-1.0,0
2026-06-10T21:13:53.373946,BTC,2.91,0.0804,-0.000205,654,0.000306,0.3434,59695.37,64916.02,yes,0.3434,1.0,1.9116,1
2026-06-10T21:13:53.373992,BTC,4.17,0.0802,-0.000196,588,-0.000708,0.2399,59286.83,64459.71,yes,0.2399,1.0,3.1685,1
2026-06-10T21:13:53.374124,BTC,3.09,0.0892,-0.000368,499,-0.000354,0.3241,59454.13,65277.44,yes,0.3241,1.0,2.0855,1
2026-06-10T21:13:53.374167,BTC,2.61,0.0842,-0.000303,152,0.001337,0.3833,59663.95,65151.88,yes,0.3833,1.0,1.6087,1
2026-06-10T21:13:53.374180,BTC,2.56,0.0536,-0.000233,490,-0.000274,0.3902,59619.98,62995.08,yes,0.3902,0.0,-1.0,0
2026-06-10T21:13:53.374203,BTC,2.56,0.0156,0.000347,336,-0.002625,0.39,59403.18,60342.7,no,0.39,0.0,-1.0,0
2026-06-10T21:13:53.374218,BTC,2.7,0.0813,0.000198,461,-0.000472,0.3703,59368.01,64621.13,no,0.3703,0.0,-1.0,0
2026-06-10T21:13:53.374252,BTC,2.62,0.0829,0.001061,670,-0.002268,0.3813,59194.14,64545.65,no,0.3813,0.0,-1.0,0
2026-06-10T21:13:53.374405,BTC,3.2,0.0886,-0.000257,176,-0.000514,0.3123,59150.39,64898.98,yes,0.3123,1.0,2.2025,1
2026-06-10T21:13:53.374448,BTC,2.55,0.0605,-0.000222,548,-0.000165,0.3915,58990.5,62786.7,yes,0.3915,0.0,-1.0,0
2026-06-10T21:13:53.374532,BTC,2.78,0.0686,0.000743,739,0.002129,0.3593,58735.06,63063.08,no,0.3593,0.0,-1.0,0
2026-06-10T21:13:53.374588,BTC,2.5,0.0429,-0.000377,492,0.00182,0.4005,59148.25,61800.01,yes,0.4005,1.0,1.4971,1
2026-06-10T21:13:53.374630,BTC,3.19,0.0447,-0.000758,707,0.002739,0.3134,59451.95,62232.73,yes,0.3134,0.0,-1.0,0
2026-06-10T21:13:53.374726,BTC,3.13,0.072,0.000417,765,0.000785,0.3199,59299.37,63903.06,no,0.3199,0.0,-1.0,0
2026-06-10T21:13:53.374736,BTC,3.41,0.0758,0.000871,132,-0.001904,0.2932,59149.97,64001.18,no,0.2932,0.0,-1.0,0
2026-06-10T21:13:53.374806,BTC,3.01,0.0497,0.000393,183,-0.001678,0.3326,58788.37,61863.27,no,0.3326,0.0,-1.0,0
2026-06-10T21:13:53.374851,BTC,2.98,0.0204,0.000337,206,0.000113,0.3357,58889.75,60114.2,no,0.3357,0.0,-1.0,0
2026-06-10T21:13:53.375155,BTC,3.15,0.0858,-0.000221,462,0.00035,0.3179,58416.01,63897.93,yes,0.3179,1.0,2.1452,1
2026-06-10T21:13:53.375234,BTC,2.62,0.0664,0.000971,149,0.001174,0.3813,58345.68,62497.8,no,0.3813,1.0,1.6227,1
2026-06-10T21:13:53.375322,BTC,2.76,0.0901,-0.000349,530,-0.001091,0.3619,57715.25,63431.11,yes,0.3619,1.0,1.763,1
2026-06-10T21:13:53.375333,BTC,2.55,0.0062,-0.000487,265,-0.000883,0.3916,57682.46,58043.37,yes,0.3916,1.0,1.5538,1
2026-06-10T21:13:53.375413,BTC,3.35,0.0706,-0.000456,602,-0.003599,0.2988,57554.04,61927.19,yes,0.2988,1.0,2.3466,1
2026-06-10T21:13:53.375424,BTC,3.54,0.0873,-0.001188,487,0.000902,0.2822,57622.16,63133.28,yes,0.2822,0.0,-1.0,0
2026-06-10T21:13:53.375510,BTC,2.72,0.0385,0.00049,733,-0.001971,0.3671,57671.69,59983.14,no,0.3671,0.0,-1.0,0
2026-06-10T21:13:53.375591,BTC,2.81,0.0545,0.000837,434,-0.002545,0.3558,57479.32,60794.05,no,0.3558,1.0,1.8107,1
2026-06-10T21:13:53.375613,BTC,2.57,0.089,-0.000936,170,-0.002768,0.3885,57404.76,63011.63,yes,0.3885,0.0,-1.0,0
2026-06-10T21:13:53.375693,BTC,2.67,0.0731,0.00031,626,0.00125,0.3748,57818.08,62375.04,no,0.3748,0.0,-1.0,0
2026-06-10T21:13:53.375772,BTC,2.69,0.0022,-0.000525,137,-0.002687,0.3718,57414.27,57538.69,yes,0.3718,0.0,-1.0,0
2026-06-10T21:13:53.375786,BTC,2.66,0.0294,-0.000316,381,-0.000788,0.3765,57356.3,59095.96,yes,0.3765,0.0,-1.0,0
2026-06-10T21:13:53.375826,BTC,3.64,0.0813,-0.00081,481,-0.000106,0.2749,57493.0,62580.17,yes,0.2749,0.0,-1.0,0
2026-06-10T21:13:53.375867,BTC,2.64,0.0396,0.000279,646,0.001677,0.3782,57555.65,59926.56,no,0.3782,0.0,-1.0,0
2026-06-10T21:13:53.376133,BTC,3.12,0.087,-0.000199,460,0.000252,0.3205,57621.95,63111.55,yes,0.3205,1.0,2.1197,1
2026-06-10T21:13:53.376278,BTC,3.14,0.0838,0.000397,253,-0.000663,0.3188,57766.27,63052.23,no,0.3188,1.0,2.1367,1
2026-06-10T21:13:53.376410,BTC,4.3,0.0891,0.000814,447,-0.001949,0.2324,57480.99,63102.23,no,0.2324,1.0,3.3025,1
2026-06-10T21:13:53.376550,BTC,2.96,0.0614,-0.000207,262,-0.001922,0.3382,57807.71,61588.77,yes,0.3382,1.0,1.957,1
2026-06-10T21:13:53.376606,BTC,3.37,0.0889,0.000304,734,0.000737,0.297,57783.11,63419.76,no,0.297,0.0,-1.0,0
2026-06-10T21:13:53.376627,BTC,2.52,0.0237,-0.000972,182,-0.002423,0.3974,57593.89,58989.05,yes,0.3974,1.0,1.5166,1
2026-06-10T21:13:53.376854,BTC,2.66,0.0459,-0.000405,835,-0.000519,0.3756,58062.97,60857.37,yes,0.3756,0.0,-1.0,0
2026-06-10T21:13:53.376913,BTC,3.66,0.0722,0.001124,169,-0.000547,0.2736,58238.95,62770.91,no,0.2736,1.0,2.6556,1
2026-06-10T21:13:53.377049,BTC,2.57,0.055,-0.00044,460,-0.000126,0.3885,58192.43,61581.01,yes,0.3885,1.0,1.5737,1
2026-06-10T21:13:53.377249,BTC,2.86,0.0849,-0.000368,610,0.000487,0.3496,58144.54,63542.41,yes,0.3496,1.0,1.8607,1
2026-06-10T21:13:53.377427,BTC,3.99,0.0646,0.000122,701,-0.004434,0.2507,57318.47,61275.92,no,0.2507,0.0,-1.0,0
2026-06-10T21:13:53.377526,BTC,2.89,0.0745,0.000525,807,-0.000852,0.3457,57264.86,61877.23,no,0.3457,1.0,1.8923,1
2026-06-10T21:13:53.377601,BTC,3.95,0.085,-0.000382,469,0.000749,0.2532,57114.73,62421.41,yes,0.2532,1.0,2.9501,1
2026-06-10T21:13:53.377621,BTC,2.5,0.0497,-0.000544,693,0.000783,0.4,57155.88,60144.38,yes,0.4,1.0,1.4999,1
2026-06-10T21:13:53.377654,BTC,3.56,0.08,-0.000148,800,-0.001918,0.2806,56935.0,61888.15,yes,0.2806,0.0,-1.0,0
2026-06-10T21:13:53.377665,BTC,3.0,0.0424,-0.000514,650,0.00032,0.3333,56946.08,59470.32,yes,0.3333,0.0,-1.0,0
2026-06-10T21:13:53.377722,BTC,3.03,0.0471,0.000553,753,0.001792,0.3302,56973.43,59788.0,no,0.3302,1.0,2.0286,1
2026-06-10T21:13:53.377816,BTC,3.18,0.081,-0.000535,237,-0.001604,0.3145,57020.52,62046.09,yes,0.3145,0.0,-1.0,0
2026-06-10T21:13:53.377863,BTC,2.98,0.0479,0.00011,612,-0.002829,0.3357,56811.82,59669.48,no,0.3357,1.0,1.9792,1
2026-06-10T21:13:53.377885,BTC,3.73,0.0855,-0.000352,830,0.000613,0.2679,56777.33,62084.82,yes,0.2679,1.0,2.7325,1
2026-06-10T21:13:53.377911,BTC,2.76,0.0644,-0.001166,229,-0.001144,0.3622,56785.87,60694.07,yes,0.3622,0.0,-1.0,0
2026-06-10T21:13:53.377994,BTC,2.76,0.0423,-0.000506,219,0.000673,0.363,56734.23,59240.91,yes,0.363,0.0,-1.0,0
2026-06-10T21:13:53.378039,BTC,3.21,0.0698,-0.000974,390,-0.002803,0.3113,56627.46,60879.85,yes,0.3113,0.0,-1.0,0
2026-06-10T21:13:53.378106,BTC,2.53,0.0573,-0.000341,794,0.001583,0.3955,56759.79,60212.62,yes,0.3955,1.0,1.5284,1
2026-06-10T21:13:53.378219,BTC,2.69,0.0582,-0.000888,791,0.000502,0.372,57143.24,60671.78,yes,0.372,0.0,-1.0,0
2026-06-10T21:13:53.378285,BTC,2.95,0.0554,0.00138,615,0.00082,0.3391,57129.86,60483.02,no,0.3391,1.0,1.9489,1
2026-06-10T21:13:53.378306,BTC,3.52,0.0781,-0.000462,736,0.001705,0.2837,57196.1,62041.36,yes,0.2837,1.0,2.525,1
2026-06-10T21:13:53.378340,BTC,3.47,0.0691,-0.001008,431,0.000548,0.2878,57164.3,61409.42,yes,0.2878,0.0,-1.0,0
2026-06-10T21:13:53.378376,BTC,2.57,0.0432,0.001074,488,0.001373,0.389,57286.7,59871.94,no,0.389,0.0,-1.0,0
2026-06-10T21:13:53.378636,BTC,2.67,0.0663,0.000246,356,-0.00158,0.3742,57309.2,61377.93,no,0.3742,0.0,-1.0,0
2026-06-10T21:13:53.378762,BTC,2.57,0.066,0.00059,348,0.00066,0.3893,57146.07,61187.11,no,0.3893,1.0,1.5687,1
2026-06-10T21:13:53.378907,BTC,2.58,0.08,0.00077,365,0.003185,0.388,58481.78,63567.76,no,0.388,0.0,-1.0,0
2026-06-10T21:13:53.379016,BTC,2.96,0.0624,-0.000808,489,-0.004116,0.3373,58883.18,62801.47,yes,0.3373,0.0,-1.0,0
2026-06-10T21:13:53.379379,BTC,2.76,0.0806,-0.000807,130,0.000516,0.3626,59276.18,64470.45,yes,0.3626,1.0,1.7582,1
2026-06-10T21:13:53.379432,BTC,2.6,0.0032,0.000623,719,0.002664,0.385,59653.54,59846.08,no,0.385,0.0,-1.0,0
2026-06-10T21:13:53.379549,BTC,2.61,0.0455,-0.000246,534,5.9e-05,0.3838,59881.47,62739.12,yes,0.3838,1.0,1.6054,1
2026-06-10T21:13:53.379626,BTC,2.83,0.0627,-0.000806,517,-0.002138,0.3532,59857.46,63861.39,yes,0.3532,1.0,1.8311,1
2026-06-10T21:13:53.379685,BTC,2.81,0.0606,-0.000622,141,0.000254,0.3555,59776.46,63631.14,yes,0.3555,1.0,1.8131,1
2026-06-10T21:13:53.379752,BTC,3.6,0.081,-0.000539,345,0.004312,0.2779,60139.42,65441.86,yes,0.2779,1.0,2.5988,1
2026-06-10T21:13:53.379765,BTC,2.95,0.0904,0.000235,825,0.000267,0.3395,60144.81,66121.84,no,0.3395,1.0,1.9453,1
2026-06-10T21:13:53.379972,BTC,3.15,0.0652,-0.000704,597,-0.000929,0.3177,59932.14,64113.88,yes,0.3177,1.0,2.1481,1
2026-06-10T21:13:53.380025,BTC,2.81,0.0814,-0.000247,360,-0.002918,0.3559,59764.82,65062.93,yes,0.3559,0.0,-1.0,0
2026-06-10T21:13:53.380303,BTC,2.79,0.0734,-0.000603,611,0.002187,0.3589,59946.14,64693.96,yes,0.3589,1.0,1.7867,1
2026-06-10T21:13:53.380380,BTC,2.97,0.0739,0.000247,142,0.001508,0.3368,60204.99,65010.61,no,0.3368,0.0,-1.0,0
2026-06-10T21:13:53.380786,BTC,2.79,0.0736,0.000292,463,-0.000665,0.359,60549.6,65359.1,no,0.359,1.0,1.7855,1
2026-06-10T21:13:53.380796,BTC,2.97,0.0682,0.000916,737,-0.000328,0.3371,60545.54,64976.01,no,0.3371,1.0,1.9665,1
2026-06-10T21:13:53.380888,BTC,2.9,0.0552,-0.000177,688,-6e-05,0.3448,59954.83,63459.56,yes,0.3448,1.0,1.9006,1
2026-06-10T21:13:53.380920,BTC,3.38,0.0676,0.000109,384,-0.00021,0.2955,59999.29,64349.22,no,0.2955,1.0,2.3842,1
2026-06-10T21:13:53.381011,BTC,2.65,0.0348,-0.00091,736,0.001888,0.3768,60483.96,62666.16,yes,0.3768,1.0,1.6542,1
2026-06-10T21:13:53.381064,BTC,3.31,0.088,0.000299,317,-0.000689,0.3018,60091.79,65888.77,no,0.3018,0.0,-1.0,0
2026-06-10T21:13:53.381080,BTC,2.68,0.0744,-0.00023,532,0.001324,0.3733,60217.27,65057.12,yes,0.3733,0.0,-1.0,0
2026-06-10T21:13:53.381135,BTC,2.81,0.0883,-0.000118,517,0.002328,0.3561,60082.15,65899.11,yes,0.3561,1.0,1.8085,1
2026-06-10T21:13:53.381191,BTC,2.82,0.0728,0.000318,786,0.001065,0.3549,60096.26,64813.32,no,0.3549,1.0,1.8177,1
2026-06-10T21:13:53.381295,BTC,2.69,0.0333,0.000499,410,7.2e-05,0.3724,59767.63,61823.51,no,0.3724,1.0,1.6851,1
2026-06-10T21:13:53.381358,BTC,2.6,0.0654,-0.000753,600,-0.000321,0.3853,59767.63,63952.52,yes,0.3853,0.0,-1.0,0
2026-06-10T21:13:53.381377,BTC,2.83,0.0235,0.000793,371,0.001004,0.3533,59826.03,61264.64,no,0.3533,0.0,-1.0,0
2026-06-10T21:13:53.381542,BTC,2.53,0.0266,0.000306,465,-0.000706,0.3947,59885.01,61518.76,no,0.3947,0.0,-1.0,0
2026-06-10T21:13:53.381588,BTC,2.54,0.0211,0.000432,717,0.000774,0.3938,59955.03,61245.34,no,0.3938,1.0,1.5392,1
2026-06-10T21:13:53.381710,BTC,2.58,0.0281,-0.000438,609,0.002809,0.3876,60270.56,62013.77,yes,0.3876,0.0,-1.0,0
2026-06-10T21:13:53.381787,BTC,2.8,0.0466,0.000475,583,0.001616,0.3569,60365.37,63314.26,no,0.3569,1.0,1.802,1
2026-06-10T21:13:53.381798,BTC,2.56,0.0506,-0.00041,595,-0.001576,0.3912,60240.31,63453.68,yes,0.3912,0.0,-1.0,0
2026-06-10T21:13:53.381904,BTC,2.67,0.075,0.00016,240,0.002813,0.3745,60210.94,65094.08,no,0.3745,0.0,-1.0,0
2026-06-10T21:13:53.381973,BTC,2.9,0.0525,0.000618,149,-0.000623,0.3453,59849.71,63167.16,no,0.3453,0.0,-1.0,0
2026-06-10T21:13:53.382038,BTC,3.08,0.0421,0.000739,623,-0.001245,0.3242,59691.04,62312.75,no,0.3242,0.0,-1.0,0
2026-06-10T21:13:53.382194,BTC,3.66,0.0426,-0.000109,139,-0.00228,0.2731,58517.03,61121.67,yes,0.2731,1.0,2.6618,1
2026-06-10T21:13:53.382204,BTC,2.53,0.0251,0.000708,538,-0.003272,0.3947,58278.86,59778.98,no,0.3947,0.0,-1.0,0
2026-06-10T21:13:53.382224,BTC,3.62,0.0573,-0.000635,173,0.00039,0.2764,58346.39,61894.54,yes,0.2764,0.0,-1.0,0
2026-06-10T21:13:53.382261,BTC,3.31,0.0392,-0.00025,448,0.00037,0.3019,58263.38,60637.64,yes,0.3019,1.0,2.3124,1
2026-06-10T21:13:53.382282,BTC,2.88,0.0752,0.00085,141,0.002263,0.3474,58552.24,63313.54,no,0.3474,0.0,-1.0,0
2026-06-10T21:13:53.382305,BTC,3.42,0.0615,0.000781,377,-0.00073,0.2927,58485.58,62315.89,no,0.2927,0.0,-1.0,0
2026-06-10T21:13:53.382387,BTC,2.94,0.0645,0.000562,443,-2.5e-05,0.3401,59371.95,63468.51,no,0.3401,0.0,-1.0,0
2026-06-10T21:13:53.382469,BTC,2.89,0.0708,0.000148,449,-0.001463,0.3456,58947.68,63437.63,no,0.3456,0.0,-1.0,0
2026-06-10T21:13:53.382479,BTC,2.87,0.0532,0.001215,586,0.003056,0.3487,59164.24,62487.46,no,0.3487,0.0,-1.0,0
2026-06-10T21:13:53.382536,BTC,3.13,0.0767,0.000133,768,-0.000823,0.3195,59009.48,63913.79,no,0.3195,1.0,2.1299,1
2026-06-10T21:13:53.382578,BTC,2.56,0.0653,-0.000312,511,-0.002107,0.3901,58736.83,62838.65,yes,0.3901,0.0,-1.0,0
2026-06-10T21:13:53.382652,BTC,2.69,0.0623,-0.000429,266,0.000625,0.3718,58604.49,62498.76,yes,0.3718,1.0,1.6893,1
2026-06-10T21:13:53.382674,BTC,2.81,0.0845,-0.000436,751,0.000629,0.3565,58815.14,64246.71,yes,0.3565,1.0,1.8054,1
2026-06-10T21:13:53.382734,BTC,2.71,0.0314,-0.000583,606,0.001114,0.3693,58677.98,60578.81,yes,0.3693,1.0,1.7078,1
2026-06-10T21:13:53.382748,BTC,2.6,0.0585,0.000148,556,-0.002113,0.3849,58538.26,62178.38,no,0.3849,0.0,-1.0,0
2026-06-10T21:13:53.382907,BTC,2.68,0.0863,-0.000639,336,0.001083,0.3738,58432.17,63953.22,yes,0.3738,1.0,1.6753,1
2026-06-10T21:13:53.383001,BTC,3.57,0.0758,-0.000385,379,0.000963,0.2802,58629.36,63437.18,yes,0.2802,0.0,-1.0,0
2026-06-10T21:13:53.383150,BTC,2.94,0.0784,-0.000276,413,-0.000656,0.3404,58517.8,63493.9,yes,0.3404,1.0,1.938,1
2026-06-10T21:13:53.383161,BTC,3.13,0.0826,-0.000502,716,0.000368,0.3197,58555.09,63825.9,yes,0.3197,0.0,-1.0,0
2026-06-10T21:13:53.383253,BTC,3.03,0.0814,0.00018,461,-0.004343,0.3303,58120.36,63272.82,no,0.3303,1.0,2.0279,1
2026-06-10T21:13:53.383305,BTC,2.75,0.0692,-0.000287,805,-0.002959,0.3641,57481.41,61755.15,yes,0.3641,1.0,1.7462,1
2026-06-10T21:13:53.383438,BTC,2.57,0.0822,-0.000347,813,0.0005,0.3896,57750.09,62925.58,yes,0.3896,1.0,1.5665,1
2026-06-10T21:13:53.383559,BTC,2.98,0.0616,-0.000438,532,-0.000687,0.3356,57918.62,61718.21,yes,0.3356,1.0,1.9796,1
2026-06-10T21:13:53.383581,BTC,3.11,0.0694,-0.000485,276,0.000931,0.3211,58005.78,62329.73,yes,0.3211,0.0,-1.0,0
2026-06-10T21:13:53.383713,BTC,4.13,0.0888,-0.000271,361,-0.000615,0.2424,57798.64,63428.24,yes,0.2424,0.0,-1.0,0
2026-06-10T21:13:53.383723,BTC,2.69,0.0712,0.000443,282,0.002311,0.3722,57952.97,62395.93,no,0.3722,0.0,-1.0,0
2026-06-10T21:13:53.383809,BTC,2.72,0.0891,0.000186,479,0.00033,0.367,57846.3,63502.33,no,0.367,0.0,-1.0,0
2026-06-10T21:13:53.383842,BTC,2.86,0.0868,0.000463,286,8e-05,0.3501,57821.34,63316.56,no,0.3501,0.0,-1.0,0
2026-06-10T21:13:53.383899,BTC,2.68,0.0844,-0.000379,343,-2.3e-05,0.3731,58110.72,63464.95,yes,0.3731,0.0,-1.0,0
2026-06-10T21:13:53.383935,BTC,3.24,0.0786,-0.000118,237,-0.001303,0.3086,57852.08,62788.17,yes,0.3086,0.0,-1.0,0
2026-06-10T21:13:53.383986,BTC,2.97,0.0698,-0.000628,370,-0.004458,0.3368,57647.78,61971.39,yes,0.3368,0.0,-1.0,0
2026-06-10T21:13:53.384036,BTC,3.07,0.0542,-0.000478,538,-0.000327,0.3261,57425.07,60714.28,yes,0.3261,1.0,2.0661,1
2026-06-10T21:13:53.384046,BTC,2.59,0.0183,-0.001124,310,-0.001116,0.3867,57354.19,58421.45,yes,0.3867,1.0,1.5863,1
2026-06-10T21:13:53.384109,BTC,2.73,0.0773,0.000137,448,0.000629,0.3669,57426.13,62235.63,no,0.3669,1.0,1.7254,1
2026-06-10T21:13:53.384155,BTC,2.54,0.0685,0.000118,324,-0.000141,0.3939,57308.0,61524.75,no,0.3939,1.0,1.539,1
2026-06-10T21:13:53.384166,BTC,2.87,0.0419,0.000813,513,-0.001185,0.3479,57230.47,59730.92,no,0.3479,1.0,1.8744,1
2026-06-10T21:13:53.384187,BTC,2.75,0.0669,-0.000611,567,-0.00106,0.3643,57219.05,61322.39,yes,0.3643,0.0,-1.0,0
2026-06-10T21:13:53.384199,BTC,3.45,0.0856,-0.000423,480,0.000384,0.2901,57256.95,62618.47,yes,0.2901,0.0,-1.0,0
2026-06-10T21:13:53.384220,BTC,3.38,0.0865,-0.000293,309,-0.000101,0.2962,57394.16,62828.23,yes,0.2962,1.0,2.3759,1
2026-06-10T21:13:53.384268,BTC,2.58,0.015,0.000369,181,-0.001766,0.3871,57284.07,58158.27,no,0.3871,0.0,-1.0,0
2026-06-10T21:13:53.384302,BTC,2.68,0.082,-0.000592,582,0.000344,0.3726,57323.52,62443.5,yes,0.3726,1.0,1.6838,1
2026-06-10T21:13:53.384334,BTC,3.71,0.0714,0.00036,258,-0.003469,0.2699,56981.45,61365.57,no,0.2699,0.0,-1.0,0
2026-06-10T21:13:53.384369,BTC,2.98,0.0629,-0.000606,559,0.003301,0.3358,57362.47,61215.27,yes,0.3358,0.0,-1.0,0
2026-06-10T21:13:53.384402,BTC,3.05,0.0731,0.000266,317,-0.001026,0.3277,56993.27,61489.2,no,0.3277,0.0,-1.0,0
2026-06-10T21:13:53.384413,BTC,2.99,0.0409,-0.000212,207,-0.001813,0.3344,56874.53,59301.67,yes,0.3344,1.0,1.9901,1
2026-06-10T21:13:53.384433,BTC,3.02,0.0839,0.000363,381,-0.002394,0.3311,56726.09,61920.97,no,0.3311,0.0,-1.0,0
2026-06-10T21:13:53.384466,BTC,2.56,0.0053,0.00016,663,-0.000497,0.3912,56520.07,56223.03,no,0.3912,1.0,1.5563,1
2026-06-10T21:13:53.384503,BTC,3.72,0.0727,-0.000335,837,0.001446,0.2687,56433.07,60859.31,yes,0.2687,0.0,-1.0,0
2026-06-10T21:13:53.384584,BTC,2.57,0.0494,-0.000497,787,-0.001295,0.3895,56479.46,59413.39,yes,0.3895,0.0,-1.0,0
2026-06-10T21:13:53.384608,BTC,3.53,0.0894,-0.000445,293,-0.002036,0.2832,56494.17,62039.25,yes,0.2832,0.0,-1.0,0
2026-06-10T21:13:53.384724,BTC,3.04,0.0828,-0.000187,214,0.001351,0.3294,56801.13,61927.69,yes,0.3294,0.0,-1.0,0
2026-06-10T21:13:53.384955,BTC,3.01,0.0833,0.000652,578,0.000217,0.3325,56701.62,61855.71,no,0.3325,1.0,2.0074,1
2026-06-10T21:13:53.384966,BTC,2.68,0.0832,-0.000193,482,-0.002014,0.3727,56573.8,61707.55,yes,0.3727,0.0,-1.0,0
2026-06-10T21:13:53.384982,BTC,2.99,0.0885,0.000235,751,-0.000201,0.3346,56569.61,62061.94,no,0.3346,0.0,-1.0,0
2026-06-10T21:13:53.385276,BTC,2.74,0.0444,-0.000433,375,-0.000359,0.3648,56366.08,58981.93,yes,0.3648,1.0,1.7412,1
2026-06-10T21:13:53.385311,BTC,2.63,0.0133,0.000442,350,-0.001243,0.3807,56076.91,56832.1,no,0.3807,0.0,-1.0,0
2026-06-10T21:13:53.385337,BTC,2.87,0.0682,-0.001113,526,-0.00129,0.3482,56141.27,60248.47,yes,0.3482,0.0,-1.0,0
2026-06-10T21:13:53.385434,BTC,3.37,0.0471,-0.000545,746,-0.001492,0.2968,56073.07,58847.16,yes,0.2968,0.0,-1.0,0
2026-06-10T21:13:53.385459,BTC,2.59,0.0433,-0.000114,706,-0.0027,0.3861,56042.25,58580.27,yes,0.3861,1.0,1.5898,1
2026-06-10T21:13:53.385516,BTC,3.04,0.0804,0.000221,508,0.001065,0.3293,55907.67,60796.63,no,0.3293,1.0,2.0368,1
2026-06-10T21:13:53.385544,BTC,3.14,0.0812,0.00033,720,-0.001055,0.3182,55820.87,60757.09,no,0.3182,0.0,-1.0,0
2026-06-10T21:13:53.385626,BTC,2.96,0.0688,-0.000751,125,-0.003074,0.3382,55484.3,59583.25,yes,0.3382,1.0,1.9565,1
2026-06-10T21:13:53.385657,BTC,2.55,0.0671,0.000203,654,-0.00043,0.392,55378.85,59364.34,no,0.392,1.0,1.5508,1
2026-06-10T21:13:53.385807,BTC,3.08,0.0521,-0.000285,325,-0.002964,0.3249,55418.82,58464.33,yes,0.3249,1.0,2.0783,1
2026-06-10T21:13:53.385825,BTC,2.85,0.0703,-0.000598,500,-0.001229,0.3507,55346.88,59534.6,yes,0.3507,0.0,-1.0,0
2026-06-10T21:13:53.385961,BTC,2.99,0.0602,0.000534,190,-7.4e-05,0.3347,55404.83,58950.93,no,0.3347,0.0,-1.0,0
2026-06-10T21:13:53.386166,BTC,3.13,0.0408,-0.000329,364,-0.002158,0.319,54951.18,57290.69,yes,0.319,1.0,2.1344,1
2026-06-10T21:13:53.386203,BTC,3.15,0.0646,0.000377,445,0.00077,0.3174,54894.06,58684.7,no,0.3174,0.0,-1.0,0
2026-06-10T21:13:53.386279,BTC,2.95,0.0846,0.000597,570,8.1e-05,0.3385,54985.73,60067.4,no,0.3385,0.0,-1.0,0
2026-06-10T21:13:53.386312,BTC,2.56,0.0513,0.00094,167,-0.002814,0.3899,54936.45,57907.15,no,0.3899,1.0,1.5648,1
2026-06-10T21:13:53.386405,BTC,2.76,0.0759,0.000419,394,-0.001911,0.3618,54951.33,59463.21,no,0.3618,0.0,-1.0,0
2026-06-10T21:13:53.386420,BTC,2.67,0.074,-0.000268,129,0.000934,0.3751,54979.38,59372.44,yes,0.3751,0.0,-1.0,0
2026-06-10T21:13:53.386602,BTC,3.0,0.0871,-0.000115,778,-0.003025,0.3332,55172.89,60435.01,yes,0.3332,1.0,2.0013,1
2026-06-10T21:13:53.386634,BTC,2.68,0.0539,-0.000422,359,-0.00158,0.3729,55066.65,58206.34,yes,0.3729,0.0,-1.0,0
2026-06-10T21:13:53.386695,BTC,3.32,0.0783,0.000583,818,0.0006,0.3011,55076.69,59757.94,no,0.3011,1.0,2.3213,1
2026-06-10T21:13:53.386723,BTC,2.55,0.0871,-0.000238,515,0.002526,0.3915,55193.31,60460.01,yes,0.3915,0.0,-1.0,0
2026-06-10T21:13:53.386871,BTC,2.86,0.0435,-0.000428,823,2.1e-05,0.3497,56060.93,58612.81,yes,0.3497,0.0,-1.0,0
2026-06-10T21:13:53.386974,BTC,2.99,0.0802,0.000852,206,0.002932,0.3344,56221.95,61127.25,no,0.3344,1.0,1.9905,1
2026-06-10T21:13:53.387254,BTC,2.86,0.0611,-0.000486,327,-0.000625,0.3497,56111.66,59760.86,yes,0.3497,0.0,-1.0,0
2026-06-10T21:13:53.387277,BTC,2.63,0.0339,-0.000751,336,-0.001263,0.3803,55920.86,57882.32,yes,0.3803,1.0,1.6296,1
2026-06-10T21:13:53.387406,BTC,3.29,0.0685,-0.000939,708,-0.001478,0.304,55060.38,59108.72,yes,0.304,0.0,-1.0,0
2026-06-10T21:13:53.387486,BTC,2.98,0.0565,0.000165,554,9.1e-05,0.3357,55079.28,58375.57,no,0.3357,0.0,-1.0,0
2026-06-10T21:13:53.387524,BTC,3.14,0.0703,0.000181,344,-0.001181,0.3181,54766.05,58907.26,no,0.3181,1.0,2.1434,1
2026-06-10T21:13:53.387564,BTC,2.95,0.0649,0.001135,723,0.001362,0.3391,54956.36,58771.87,no,0.3391,1.0,1.949,1
2026-06-10T21:13:53.387659,BTC,3.52,0.0335,0.000382,299,0.003138,0.2837,54921.86,56826.88,no,0.2837,0.0,-1.0,0
2026-06-10T21:13:53.387763,BTC,3.12,0.0755,-0.00011,385,0.000978,0.3202,55134.92,59637.82,yes,0.3202,1.0,2.1232,1
2026-06-10T21:13:53.388009,BTC,3.07,0.0556,0.001687,820,-0.000899,0.3254,55337.96,58593.88,no,0.3254,0.0,-1.0,0
2026-06-10T21:13:53.388139,BTC,2.75,0.0563,-0.000139,461,-0.002534,0.3635,54549.22,57800.92,yes,0.3635,0.0,-1.0,0
2026-06-10T21:13:53.388194,BTC,3.2,0.083,0.001331,554,-0.001726,0.3127,54615.57,59560.81,no,0.3127,0.0,-1.0,0
2026-06-10T21:13:53.388219,BTC,2.73,0.0227,-0.000133,216,-0.001914,0.366,54474.52,55741.22,yes,0.366,0.0,-1.0,0
2026-06-10T21:13:53.388230,BTC,2.95,0.0773,0.000565,208,0.001543,0.3394,54573.5,59145.68,no,0.3394,0.0,-1.0,0
2026-06-10T21:13:53.388244,BTC,3.07,0.048,-0.000483,575,0.000353,0.3253,54608.01,57360.8,yes,0.3253,1.0,2.0743,1
2026-06-10T21:13:53.388471,BTC,2.54,0.033,-0.000403,347,0.000189,0.3941,54498.66,56358.99,yes,0.3941,1.0,1.5376,1
2026-06-10T21:13:53.388495,BTC,3.29,0.0548,0.000478,575,0.000385,0.3035,54625.91,57790.36,no,0.3035,1.0,2.2949,1
2026-06-10T21:13:53.388509,BTC,2.94,0.06,-0.000708,576,0.000217,0.3398,54662.09,58153.35,yes,0.3398,0.0,-1.0,0
2026-06-10T21:13:53.388576,BTC,3.17,0.0438,-0.000833,786,0.000648,0.3151,55546.73,58091.71,yes,0.3151,1.0,2.1738,1
2026-06-10T21:13:53.388658,BTC,2.64,0.0675,0.000608,336,0.00173,0.3793,55953.56,60003.87,no,0.3793,1.0,1.6362,1
2026-06-10T21:13:53.388736,BTC,2.76,0.072,-0.000101,763,-0.002976,0.3626,55501.76,59810.57,yes,0.3626,1.0,1.7582,1
2026-06-10T21:13:53.388785,BTC,2.89,0.048,-0.000713,727,-0.001015,0.3457,55104.8,57882.17,yes,0.3457,1.0,1.8928,1
2026-06-10T21:13:53.388893,BTC,2.59,0.0713,0.000103,223,7.2e-05,0.3862,54725.48,58928.64,no,0.3862,0.0,-1.0,0
2026-06-10T21:13:53.389176,BTC,3.38,0.0751,-0.000225,120,-0.001509,0.2959,54626.02,59059.23,yes,0.2959,1.0,2.3796,1
2026-06-10T21:13:53.389309,BTC,2.52,0.0382,-0.000175,788,-0.000516,0.397,54396.96,56557.28,yes,0.397,0.0,-1.0,0
2026-06-10T21:13:53.389367,BTC,2.79,0.0199,-0.000446,244,0.001926,0.3585,54528.76,55636.1,yes,0.3585,1.0,1.7898,1
2026-06-10T21:13:53.389490,BTC,2.58,0.0694,-0.000464,571,-0.000738,0.3877,54355.45,58407.5,yes,0.3877,0.0,-1.0,0
2026-06-10T21:13:53.389590,BTC,2.67,0.0575,-0.001262,840,-0.000653,0.3741,54264.93,57578.39,yes,0.3741,1.0,1.6734,1
2026-06-10T21:13:53.389601,BTC,2.51,0.0487,-0.000583,451,-0.000563,0.3987,54198.42,56971.75,yes,0.3987,0.0,-1.0,0
2026-06-10T21:13:53.389737,BTC,2.7,0.0721,0.000275,475,-0.001559,0.3709,54253.37,58467.32,no,0.3709,0.0,-1.0,0
2026-06-10T21:13:53.389772,BTC,3.61,0.033,-0.000481,831,-0.001532,0.2767,53950.19,55792.81,yes,0.2767,0.0,-1.0,0
2026-06-10T21:13:53.389796,BTC,2.77,0.0482,-0.001186,665,-0.002627,0.3606,53741.31,56460.95,yes,0.3606,0.0,-1.0,0
2026-06-10T21:13:53.389841,BTC,4.13,0.0848,0.000725,290,0.000599,0.2422,53660.02,58631.61,no,0.2422,1.0,3.1289,1
2026-06-10T21:13:53.389938,BTC,2.54,0.0719,-0.000353,166,0.000737,0.394,53712.2,57876.03,yes,0.394,0.0,-1.0,0
2026-06-10T21:13:53.389961,BTC,2.74,0.0634,-0.000319,493,0.000243,0.3655,53806.34,57446.96,yes,0.3655,1.0,1.7359,1
2026-06-10T21:13:53.390059,BTC,2.85,0.066,-0.000245,845,0.000491,0.3513,54142.45,57966.82,yes,0.3513,0.0,-1.0,0
2026-06-10T21:13:53.390164,BTC,2.57,0.0554,-0.000378,590,0.000691,0.3896,54151.41,57328.45,yes,0.3896,0.0,-1.0,0
2026-06-10T21:13:53.390200,BTC,2.75,0.0733,-0.000158,571,0.000144,0.363,54164.69,58450.82,yes,0.363,1.0,1.7547,1
2026-06-10T21:13:53.390232,BTC,2.76,0.0881,0.000583,135,-0.002356,0.3617,53945.1,59154.98,no,0.3617,0.0,-1.0,0
2026-06-10T21:13:53.390252,BTC,3.15,0.0783,0.000508,799,-0.000442,0.3172,53908.16,58488.79,no,0.3172,1.0,2.1523,1
2026-06-10T21:13:53.390320,BTC,3.53,0.0689,0.000496,495,0.00269,0.2835,54059.59,58057.64,no,0.2835,1.0,2.5271,1
2026-06-10T21:13:53.390364,BTC,2.73,0.0776,-0.000893,513,4e-05,0.3666,54288.79,58858.31,yes,0.3666,1.0,1.7281,1
2026-06-10T21:13:53.390429,BTC,2.74,0.0818,-0.000417,276,-0.002538,0.3647,54071.5,58886.42,yes,0.3647,1.0,1.7423,1
2026-06-10T21:13:53.390471,BTC,2.72,0.0856,-0.000151,371,0.000638,0.3678,53929.93,58981.35,yes,0.3678,1.0,1.7185,1
2026-06-10T21:13:53.390524,BTC,2.66,0.0868,-0.000593,344,0.000543,0.3752,54005.18,59136.02,yes,0.3752,0.0,-1.0,0
2026-06-10T21:13:53.390614,BTC,2.73,0.0636,-0.000758,753,0.002399,0.3665,53687.55,57331.52,yes,0.3665,0.0,-1.0,0
2026-06-10T21:13:53.390676,BTC,2.88,0.0724,0.0007,190,0.001476,0.3468,53572.56,57751.88,no,0.3468,1.0,1.8837,1
2026-06-10T21:13:53.390710,BTC,2.87,0.0773,0.000198,841,-0.001191,0.348,53435.89,57912.22,no,0.348,1.0,1.8734,1
2026-06-10T21:13:53.390744,BTC,3.4,0.0656,-0.000279,615,0.001442,0.2945,53467.32,57220.98,yes,0.2945,0.0,-1.0,0
2026-06-10T21:13:53.390804,BTC,2.56,0.0632,-0.000951,621,0.002034,0.3902,53346.7,56944.24,yes,0.3902,0.0,-1.0,0
2026-06-10T21:13:53.390881,BTC,2.76,0.0139,0.000452,684,-0.001027,0.3629,53322.12,54074.52,no,0.3629,0.0,-1.0,0
2026-06-10T21:13:53.391064,BTC,2.77,0.0646,-0.000642,455,0.002566,0.3614,53853.42,57572.83,yes,0.3614,1.0,1.7669,1
2026-06-10T21:13:53.391097,BTC,2.64,0.0714,0.000643,221,0.001135,0.3786,53967.69,58120.05,no,0.3786,0.0,-1.0,0
2026-06-10T21:13:53.391171,BTC,2.94,0.0602,-0.000164,757,-0.001468,0.3396,53793.76,57239.2,yes,0.3396,0.0,-1.0,0
2026-06-10T21:13:53.391228,BTC,3.01,0.0348,0.000563,677,0.001108,0.3322,54002.62,55951.1,no,0.3322,0.0,-1.0,0
2026-06-10T21:13:53.391286,BTC,2.8,0.088,0.000165,324,-0.001609,0.357,54226.18,59461.51,no,0.357,0.0,-1.0,0
2026-06-10T21:13:53.391400,BTC,2.92,0.0747,0.000506,226,0.003406,0.3429,54189.3,58561.06,no,0.3429,1.0,1.9164,1
2026-06-10T21:13:53.391422,BTC,2.89,0.0446,0.00059,364,-0.001938,0.3463,54028.63,56550.64,no,0.3463,0.0,-1.0,0
2026-06-10T21:13:53.391432,BTC,2.69,0.0503,-0.001199,464,0.003205,0.3713,54256.63,57129.96,yes,0.3713,1.0,1.6936,1
2026-06-10T21:13:53.391443,BTC,3.13,0.0733,0.000411,380,-0.00057,0.3194,54210.11,58496.28,no,0.3194,1.0,2.1311,1
2026-06-10T21:13:53.391491,BTC,2.89,0.046,0.000192,299,0.001797,0.3455,54342.98,56964.33,no,0.3455,0.0,-1.0,0
2026-06-10T21:13:53.391502,BTC,2.91,0.0722,0.000127,713,-0.001966,0.3436,54211.26,58431.55,no,0.3436,1.0,1.9103,1
2026-06-10T21:13:53.391948,BTC,2.6,0.0284,-0.000612,584,0.000381,0.3845,54088.14,55669.25,yes,0.3845,0.0,-1.0,0
2026-06-10T21:13:53.392098,BTC,3.4,0.0895,0.001182,600,0.000354,0.2943,54680.68,60057.33,no,0.2943,0.0,-1.0,0
2026-06-10T21:13:53.392128,BTC,2.68,0.0692,-0.000274,124,0.000935,0.3735,54736.02,58803.8,yes,0.3735,1.0,1.6775,1
2026-06-10T21:13:53.392148,BTC,2.87,0.0758,0.000846,559,-0.000422,0.349,54666.01,59147.02,no,0.349,1.0,1.8653,1
2026-06-10T21:13:53.392171,BTC,3.88,0.0794,0.000624,217,0.001058,0.2576,54542.8,59246.62,no,0.2576,1.0,2.8826,1
2026-06-10T21:13:53.392272,BTC,2.63,0.0834,0.00038,631,0.00102,0.3798,54416.44,59365.6,no,0.3798,0.0,-1.0,0
2026-06-10T21:13:53.392329,BTC,2.71,0.06,-0.000338,776,-0.000702,0.3693,54385.64,57855.16,yes,0.3693,0.0,-1.0,0
2026-06-10T21:13:53.392435,BTC,2.77,0.0866,0.000797,751,-0.000813,0.3607,54893.78,60096.5,no,0.3607,0.0,-1.0,0
2026-06-10T21:13:53.392523,BTC,3.28,0.0852,-0.00046,792,0.000947,0.3046,55540.99,60711.67,yes,0.3046,1.0,2.2825,1
2026-06-10T21:13:53.392568,BTC,2.59,0.0549,0.000347,660,-0.000251,0.3863,55222.63,58428.9,no,0.3863,1.0,1.5889,1
2026-06-10T21:13:53.392591,BTC,3.04,0.0667,-0.000691,626,0.001401,0.3288,55150.8,59091.99,yes,0.3288,1.0,2.041,1
2026-06-10T21:13:53.392685,BTC,2.89,0.0388,0.000496,397,-0.001615,0.3466,55546.31,57785.92,no,0.3466,0.0,-1.0,0
2026-06-10T21:13:53.392730,BTC,3.25,0.0407,-0.000235,481,-0.001327,0.3078,55377.77,57729.3,yes,0.3078,1.0,2.2489,1
2026-06-10T21:13:53.392796,BTC,2.67,0.0442,-0.000123,387,0.001505,0.3751,55417.16,57978.07,yes,0.3751,1.0,1.666,1
2026-06-10T21:13:53.392847,BTC,3.23,0.0736,0.00025,654,8.5e-05,0.3093,55675.29,60100.53,no,0.3093,0.0,-1.0,0
2026-06-10T21:13:53.392880,BTC,3.71,0.0693,0.000189,761,0.000332,0.2694,55751.84,59900.76,no,0.2694,0.0,-1.0,0
2026-06-10T21:13:53.392912,BTC,2.73,0.0425,-0.000998,141,0.001403,0.366,55664.33,58136.62,yes,0.366,0.0,-1.0,0
2026-06-10T21:13:53.392924,BTC,3.71,0.0839,0.000108,558,-0.001297,0.2696,55576.43,60666.2,no,0.2696,0.0,-1.0,0
2026-06-10T21:13:53.392961,BTC,3.15,0.0781,-0.000272,786,0.001743,0.3173,55929.8,60665.81,yes,0.3173,1.0,2.1517,1
2026-06-10T21:13:53.393043,BTC,3.34,0.0592,0.000551,346,-0.001195,0.2997,55857.58,59371.32,no,0.2997,0.0,-1.0,0
2026-06-10T21:13:53.393067,BTC,2.54,0.0529,-0.000744,151,0.002314,0.3934,56056.67,59190.62,yes,0.3934,1.0,1.5419,1
2026-06-10T21:13:53.393139,BTC,2.55,0.0651,-0.000528,582,0.001662,0.3921,55992.79,59894.27,yes,0.3921,1.0,1.5505,1
2026-06-10T21:13:53.393170,BTC,2.86,0.046,-0.000392,701,-0.000518,0.3498,55915.02,58610.43,yes,0.3498,0.0,-1.0,0
2026-06-10T21:13:53.393245,BTC,3.61,0.0737,-0.000202,494,0.001027,0.2772,56183.84,60655.51,yes,0.2772,0.0,-1.0,0
2026-06-10T21:13:53.393256,BTC,2.72,0.0748,0.00024,407,0.001126,0.3681,56267.81,60815.55,no,0.3681,0.0,-1.0,0
2026-06-10T21:13:53.393265,BTC,3.03,0.075,0.000493,350,-0.000952,0.33,56195.53,60754.43,no,0.33,1.0,2.0306,1
2026-06-10T21:13:53.393375,BTC,2.67,0.0708,-0.000152,668,0.003,0.3739,56310.17,60600.45,yes,0.3739,0.0,-1.0,0
2026-06-10T21:13:53.393475,BTC,3.05,0.09,0.000297,611,0.002294,0.3279,57214.39,62870.46,no,0.3279,0.0,-1.0,0
2026-06-10T21:13:53.393539,BTC,2.67,0.057,-0.000989,367,-0.003081,0.375,56927.26,60371.34,yes,0.375,1.0,1.6668,1
2026-06-10T21:13:53.393670,BTC,2.72,0.057,0.000402,768,0.00042,0.368,57004.74,60448.06,no,0.368,0.0,-1.0,0
2026-06-10T21:13:53.393680,BTC,2.96,0.0622,-0.000402,414,0.001025,0.3374,57021.97,60801.91,yes,0.3374,1.0,1.9641,1
2026-06-10T21:13:53.393849,BTC,2.95,0.0708,0.000381,336,-0.002648,0.3391,56415.96,60713.37,no,0.3391,1.0,1.9488,1
2026-06-10T21:13:53.393889,BTC,3.25,0.0632,0.000719,472,-0.000575,0.3081,56642.28,60463.4,no,0.3081,0.0,-1.0,0
2026-06-10T21:13:53.393899,BTC,2.81,0.0527,-0.000394,164,-0.001679,0.3562,56525.18,59670.54,yes,0.3562,0.0,-1.0,0
2026-06-10T21:13:53.393976,BTC,2.79,0.0705,0.000183,802,-0.001127,0.3587,56640.3,60935.76,no,0.3587,1.0,1.7882,1
2026-06-10T21:13:53.393995,BTC,2.6,0.0603,-0.000253,169,0.001464,0.385,56779.63,60425.68,yes,0.385,0.0,-1.0,0
2026-06-10T21:13:53.394005,BTC,2.54,0.0291,0.000105,846,0.002569,0.3934,56973.23,58680.55,no,0.3934,1.0,1.5419,1
2026-06-10T21:13:53.394084,BTC,2.73,0.0767,0.000493,172,0.0003,0.367,56431.47,61122.26,no,0.367,1.0,1.725,1
2026-06-10T21:13:53.394236,BTC,3.11,0.0889,0.000269,173,0.002153,0.3219,56569.42,62086.02,no,0.3219,0.0,-1.0,0
2026-06-10T21:13:53.394662,BTC,2.69,0.0554,0.000379,609,0.000111,0.372,56126.26,59417.79,no,0.372,0.0,-1.0,0
2026-06-10T21:13:53.394671,BTC,2.6,0.0323,-0.000592,689,0.001048,0.3839,56158.69,58031.39,yes,0.3839,1.0,1.6045,1
2026-06-10T21:13:53.394681,BTC,2.9,0.0389,-0.000184,231,0.000663,0.3449,56208.26,58482.09,yes,0.3449,0.0,-1.0,0
2026-06-10T21:13:53.394691,BTC,2.55,0.053,0.000915,550,3.1e-05,0.3923,56163.44,59305.99,no,0.3923,1.0,1.5489,1
2026-06-10T21:13:53.394711,BTC,3.49,0.0834,-0.000271,790,0.001016,0.2862,56183.78,61297.39,yes,0.2862,0.0,-1.0,0
2026-06-10T21:13:53.394766,BTC,2.76,0.0797,0.000294,262,0.00159,0.3618,56563.82,61460.4,no,0.3618,0.0,-1.0,0
2026-06-10T21:13:53.394825,BTC,2.5,0.0462,0.000269,483,-0.003018,0.4,56618.93,59358.39,no,0.4,1.0,1.4998,1
2026-06-10T21:13:53.394867,BTC,2.86,0.0309,0.000109,335,0.002449,0.3492,56700.21,58505.45,no,0.3492,0.0,-1.0,0
2026-06-10T21:13:53.394950,BTC,3.58,0.0613,-0.000139,595,0.000463,0.2792,56203.42,59874.19,yes,0.2792,1.0,2.5812,1
2026-06-10T21:13:53.395023,BTC,3.47,0.0884,0.001063,565,-0.000442,0.2884,56160.54,61606.4,no,0.2884,0.0,-1.0,0
2026-06-10T21:13:53.395042,BTC,2.68,0.0834,0.000259,358,-0.000702,0.3726,55952.98,61042.32,no,0.3726,0.0,-1.0,0
2026-06-10T21:13:53.395054,BTC,2.56,0.0688,-0.000245,297,-0.001732,0.3906,55842.51,59965.91,yes,0.3906,0.0,-1.0,0
2026-06-10T21:13:53.395227,BTC,3.11,0.067,-0.000301,655,-0.003445,0.3211,55331.05,59301.32,yes,0.3211,1.0,2.1146,1
2026-06-10T21:13:53.395341,BTC,3.01,0.0879,0.000244,420,-3.3e-05,0.3318,55457.88,60802.79,no,0.3318,0.0,-1.0,0
2026-06-10T21:13:53.395385,BTC,3.67,0.0906,0.000363,711,-0.002246,0.2728,55585.93,61126.41,no,0.2728,1.0,2.6657,1
2026-06-10T21:13:53.395517,BTC,3.35,0.0665,0.000423,612,0.002309,0.2982,55334.6,59277.43,no,0.2982,0.0,-1.0,0
2026-06-10T21:13:53.395609,BTC,3.56,0.0708,0.001007,654,0.000104,0.281,55237.49,59443.97,no,0.281,0.0,-1.0,0
2026-06-10T21:13:53.395619,BTC,2.53,0.0213,-0.000412,603,0.001803,0.3946,55339.92,56543.57,yes,0.3946,1.0,1.5345,1
2026-06-10T21:13:53.395628,BTC,2.56,0.0532,0.000194,634,0.00135,0.3902,55466.76,58580.68,no,0.3902,0.0,-1.0,0
2026-06-10T21:13:53.395640,BTC,2.62,0.0873,0.000359,572,0.000768,0.3814,55502.68,60813.86,no,0.3814,1.0,1.6219,1
2026-06-10T21:13:53.395681,BTC,2.82,0.0781,0.00126,642,-8e-06,0.3545,55368.35,60058.41,no,0.3545,1.0,1.8208,1
2026-06-10T21:13:53.395847,BTC,3.78,0.0827,0.000478,773,-0.000423,0.2644,55106.25,60075.93,no,0.2644,0.0,-1.0,0
2026-06-10T21:13:53.395868,BTC,3.5,0.0767,-0.000283,683,0.002179,0.2858,55298.89,59895.65,yes,0.2858,1.0,2.4987,1
2026-06-10T21:13:53.395939,BTC,3.14,0.0589,-0.000226,414,0.001121,0.3189,55769.41,59261.3,yes,0.3189,0.0,-1.0,0
2026-06-10T21:13:53.395958,BTC,2.54,0.0405,0.000215,282,-0.002887,0.393,55563.1,57908.41,no,0.393,1.0,1.5444,1
2026-06-10T21:13:53.396069,BTC,2.51,0.0553,0.000609,603,-0.001082,0.3988,55447.67,58694.09,no,0.3988,1.0,1.5073,1
2026-06-10T21:13:53.396161,BTC,2.67,0.0022,-0.000328,210,0.001118,0.375,55511.93,55388.5,yes,0.375,1.0,1.6665,1
2026-06-10T21:13:53.396171,BTC,3.53,0.0705,-0.0004,220,-0.000259,0.2836,55498.47,59706.3,yes,0.2836,0.0,-1.0,0
2026-06-10T21:13:53.396263,BTC,3.55,0.0847,0.000325,812,-0.00174,0.2814,54614.16,59670.8,no,0.2814,0.0,-1.0,0
2026-06-10T21:13:53.396326,BTC,3.0,0.0611,0.000672,490,-0.000215,0.3334,54617.73,58169.03,no,0.3334,0.0,-1.0,0
2026-06-10T21:13:53.396432,BTC,2.62,0.0483,-0.000216,830,-6.5e-05,0.3822,54979.13,57767.71,yes,0.3822,0.0,-1.0,0
2026-06-10T21:13:53.396452,BTC,4.54,0.0898,0.000174,497,-0.000736,0.22,54896.25,60309.16,no,0.22,0.0,-1.0,0
2026-06-10T21:13:53.396481,BTC,2.57,0.0659,-0.000292,427,0.001772,0.3895,55031.62,58912.05,yes,0.3895,1.0,1.5671,1
2026-06-10T21:13:53.396513,BTC,2.75,0.0566,0.000101,224,0.000286,0.3633,55351.74,58671.19,no,0.3633,0.0,-1.0,0
2026-06-10T21:13:53.396595,BTC,2.89,0.0308,-0.000883,537,-0.001575,0.3464,55206.23,56961.94,yes,0.3464,0.0,-1.0,0
2026-06-10T21:13:53.396875,BTC,2.55,0.0411,-0.000456,663,-5.2e-05,0.3927,55030.69,57389.7,yes,0.3927,0.0,-1.0,0
2026-06-10T21:13:53.396928,BTC,2.63,0.0638,0.000283,447,0.001962,0.3809,55124.64,58882.65,no,0.3809,0.0,-1.0,0
2026-06-10T21:13:53.396973,BTC,2.79,0.0607,0.000418,211,-0.000832,0.3581,55076.95,58638.66,no,0.3581,0.0,-1.0,0
2026-06-10T21:13:53.397003,BTC,3.28,0.0768,-0.000168,371,0.001661,0.3045,55128.84,59712.4,yes,0.3045,0.0,-1.0,0
2026-06-10T21:13:53.397085,BTC,3.17,0.0845,0.000115,122,-0.001382,0.315,55233.21,60329.69,no,0.315,1.0,2.1744,1
2026-06-10T21:13:53.397159,BTC,2.63,0.065,-0.00042,227,-9.8e-05,0.3807,55061.83,58887.32,yes,0.3807,0.0,-1.0,0
2026-06-10T21:13:53.397198,BTC,2.59,0.0469,0.000226,823,-0.001832,0.386,55191.32,57904.93,no,0.386,0.0,-1.0,0
2026-06-10T21:13:53.397208,BTC,2.52,0.0537,-0.00088,709,-0.000286,0.3965,55167.79,58300.55,yes,0.3965,1.0,1.5223,1
2026-06-10T21:13:53.397399,BTC,2.94,0.0468,0.000396,235,-0.000497,0.3407,55055.56,57758.4,no,0.3407,0.0,-1.0,0
2026-06-10T21:13:53.397488,BTC,2.82,0.0765,0.000227,142,0.003335,0.355,56040.67,60684.28,no,0.355,1.0,1.8172,1
2026-06-10T21:13:53.397538,BTC,3.49,0.0449,-0.00016,491,0.000815,0.2863,56453.53,59109.27,yes,0.2863,1.0,2.4924,1
2026-06-10T21:13:53.397548,BTC,2.6,0.0403,0.000245,512,-0.001504,0.3849,56346.07,58713.66,no,0.3849,1.0,1.5981,1
2026-06-10T21:13:53.397590,BTC,2.59,0.0825,0.000185,666,-0.004531,0.3854,55936.14,60965.12,no,0.3854,0.0,-1.0,0
2026-06-10T21:13:53.397602,BTC,3.51,0.0761,-0.001088,269,0.001659,0.2848,56046.57,60663.16,yes,0.2848,1.0,2.5117,1
2026-06-10T21:13:53.397632,BTC,2.83,0.0667,0.000501,781,-0.001041,0.3536,55904.18,59902.59,no,0.3536,0.0,-1.0,0
2026-06-10T21:13:53.397707,BTC,2.91,0.0665,-0.001149,265,-0.000519,0.3431,55959.69,59944.2,yes,0.3431,0.0,-1.0,0
2026-06-10T21:13:53.397760,BTC,3.27,0.0802,0.000105,841,-0.001491,0.3058,55893.65,60765.76,no,0.3058,1.0,2.2698,1
2026-06-10T21:13:53.397783,BTC,3.2,0.0801,-0.00075,336,-0.003076,0.3126,55705.18,60555.38,yes,0.3126,0.0,-1.0,0
2026-06-10T21:13:53.397846,BTC,2.72,0.0158,-0.000207,315,-0.001417,0.3674,55803.81,56700.4,yes,0.3674,0.0,-1.0,0
2026-06-10T21:13:53.398017,BTC,3.78,0.0906,0.000346,428,0.00077,0.2643,56532.17,62167.17,no,0.2643,1.0,2.7839,1
2026-06-10T21:13:53.398046,BTC,3.09,0.0348,0.000334,460,2.8e-05,0.3234,56500.22,58536.45,no,0.3234,0.0,-1.0,0
2026-06-10T21:13:53.398192,BTC,2.61,0.0848,0.000316,654,-0.003118,0.3832,55958.05,61142.5,no,0.3832,0.0,-1.0,0
2026-06-10T21:13:53.398268,BTC,2.87,0.0469,-0.000858,394,-0.001083,0.349,55768.49,58511.56,yes,0.349,1.0,1.8654,1
2026-06-10T21:13:53.398307,BTC,2.54,0.0836,-0.000223,198,0.001506,0.393,55624.45,60698.01,yes,0.393,1.0,1.5445,1
2026-06-10T21:13:53.398368,BTC,2.66,0.0525,0.000155,312,-0.000118,0.376,55861.77,58955.82,no,0.376,0.0,-1.0,0
2026-06-10T21:13:53.398388,BTC,2.63,0.0854,-0.001286,640,-0.000354,0.3799,55737.86,60944.75,yes,0.3799,1.0,1.6326,1
2026-06-10T21:13:53.398398,BTC,3.96,0.0908,0.000554,791,-0.001276,0.2524,55642.98,61198.71,no,0.2524,1.0,2.9618,1
2026-06-10T21:13:53.398408,BTC,2.68,0.0479,-0.000139,518,0.001516,0.3725,55743.34,58546.12,yes,0.3725,1.0,1.6846,1
2026-06-10T21:13:53.398419,BTC,3.13,0.0808,0.000229,436,0.002714,0.3194,55944.66,60860.03,no,0.3194,1.0,2.1305,1
2026-06-10T21:13:53.398549,BTC,3.12,0.0633,0.000112,486,0.001954,0.3202,56306.52,60109.47,no,0.3202,0.0,-1.0,0
2026-06-10T21:13:53.398778,BTC,3.11,0.0739,-0.000153,313,-0.002005,0.3216,56638.42,61158.82,yes,0.3216,1.0,2.1096,1
2026-06-10T21:13:53.399049,BTC,2.61,0.057,-0.000809,158,-0.000614,0.3827,55765.31,59135.9,yes,0.3827,0.0,-1.0,0
2026-06-10T21:13:53.399139,BTC,2.55,0.0539,-0.000686,845,0.000962,0.3917,55265.56,58411.63,yes,0.3917,1.0,1.5531,1
2026-06-10T21:13:53.399285,BTC,2.82,0.0328,-0.000556,592,0.002311,0.3549,55819.86,57712.3,yes,0.3549,0.0,-1.0,0
2026-06-10T21:13:53.399344,BTC,2.52,0.0527,0.000221,770,-6e-06,0.3964,56036.85,59152.12,no,0.3964,0.0,-1.0,0
2026-06-10T21:13:53.399523,BTC,2.56,0.0876,-0.000302,799,0.000264,0.3899,56546.23,61977.49,yes,0.3899,0.0,-1.0,0
2026-06-10T21:13:53.399745,BTC,2.53,0.0429,0.000549,272,0.001538,0.3951,56916.0,59467.4,no,0.3951,0.0,-1.0,0
2026-06-10T21:13:53.399765,BTC,3.37,0.077,-0.00061,472,-0.001845,0.2965,56859.04,61604.97,yes,0.2965,0.0,-1.0,0
2026-06-10T21:13:53.399817,BTC,2.72,0.0067,0.000176,668,0.00064,0.3677,56924.99,57306.93,no,0.3677,1.0,1.7195,1
2026-06-10T21:13:53.399913,BTC,2.7,0.0194,0.000656,121,-0.001263,0.3698,56752.4,57873.6,no,0.3698,0.0,-1.0,0
2026-06-10T21:13:53.399952,BTC,3.15,0.0887,0.000151,394,0.00042,0.3172,56611.62,62124.75,no,0.3172,0.0,-1.0,0
2026-06-10T21:13:53.400018,BTC,4.88,0.0772,-0.000652,246,-0.001555,0.2051,56356.14,61072.56,yes,0.2051,1.0,3.8755,1
2026-06-10T21:13:53.400265,BTC,3.37,0.0684,-0.000527,683,-0.001436,0.2965,56941.02,61122.26,yes,0.2965,0.0,-1.0,0
2026-06-10T21:13:53.400307,BTC,2.93,0.0886,-0.000537,415,-0.00186,0.341,56654.66,62165.08,yes,0.341,1.0,1.9325,1
2026-06-10T21:13:53.400327,BTC,2.62,0.0878,0.000868,477,-0.002926,0.3814,56493.4,61927.86,no,0.3814,0.0,-1.0,0
2026-06-10T21:13:53.400516,BTC,3.17,0.0906,0.000496,392,-0.000692,0.3152,56333.39,61942.27,no,0.3152,1.0,2.1726,1
2026-06-10T21:13:53.400536,BTC,3.3,0.0748,0.000264,560,0.000428,0.3031,56300.87,60854.98,no,0.3031,0.0,-1.0,0
2026-06-10T21:13:53.400566,BTC,3.35,0.0692,0.000219,760,-0.000151,0.2985,56394.43,60587.04,no,0.2985,1.0,2.3503,1
2026-06-10T21:13:53.400576,BTC,3.1,0.0877,0.000271,198,-0.002252,0.3224,56225.41,61632.57,no,0.3224,1.0,2.1016,1
2026-06-10T21:13:53.400641,BTC,2.73,0.0371,0.000278,844,-0.001358,0.366,55844.12,57996.78,no,0.366,0.0,-1.0,0
2026-06-10T21:13:53.400674,BTC,2.89,0.0594,-0.001048,403,0.001999,0.3455,55837.35,59364.55,yes,0.3455,0.0,-1.0,0
2026-06-10T21:13:53.400703,BTC,3.1,0.0785,-0.000536,437,9.6e-05,0.3222,55715.31,60459.34,yes,0.3222,1.0,2.1041,1
2026-06-10T21:13:53.400769,BTC,3.34,0.0698,-0.000165,173,0.002278,0.2998,55865.27,60055.67,yes,0.2998,0.0,-1.0,0
2026-06-10T21:13:53.400779,BTC,3.08,0.0499,0.00018,348,-0.002255,0.3246,55688.08,58612.62,no,0.3246,1.0,2.0807,1
2026-06-10T21:13:53.400789,BTC,3.12,0.0694,-0.000484,587,0.002707,0.3205,55890.71,60058.21,yes,0.3205,1.0,2.1198,1
2026-06-10T21:13:53.400842,BTC,2.7,0.074,0.000453,547,0.001004,0.3709,56010.5,60488.5,no,0.3709,0.0,-1.0,0
2026-06-10T21:13:53.400852,BTC,3.21,0.0832,0.000293,700,-0.001123,0.3115,55915.08,60988.32,no,0.3115,0.0,-1.0,0
2026-06-10T21:13:53.400865,BTC,2.83,0.0622,-0.000667,564,-0.000535,0.3539,55890.38,59599.81,yes,0.3539,1.0,1.8257,1
2026-06-10T21:13:53.400875,BTC,2.57,0.078,-0.001079,789,0.000194,0.3889,55838.52,60564.95,yes,0.3889,1.0,1.5714,1
2026-06-10T21:13:53.400915,BTC,3.53,0.0899,-0.000389,768,0.001866,0.2835,55861.49,61378.88,yes,0.2835,1.0,2.5275,1
2026-06-10T21:13:53.400924,BTC,3.33,0.0859,-0.001138,827,-0.0033,0.3007,55649.3,60876.05,yes,0.3007,0.0,-1.0,0
2026-06-10T21:13:53.401001,BTC,3.2,0.08,0.000911,260,0.000302,0.3122,55752.1,60602.63,no,0.3122,0.0,-1.0,0
2026-06-10T21:13:53.401118,BTC,3.83,0.0863,0.000715,823,0.002905,0.2608,55346.37,60575.57,no,0.2608,0.0,-1.0,0
2026-06-10T21:13:53.401424,BTC,2.59,0.0012,-0.000377,820,0.002744,0.386,56358.31,56292.54,yes,0.386,1.0,1.5907,1
2026-06-10T21:13:53.401589,BTC,2.77,0.082,-0.000494,505,-0.000599,0.3608,56575.21,61630.69,yes,0.3608,0.0,-1.0,0
2026-06-10T21:13:53.401774,BTC,3.62,0.0871,0.000133,182,-0.001448,0.2763,56692.86,62098.54,no,0.2763,0.0,-1.0,0
2026-06-10T21:13:53.401907,BTC,2.62,0.0546,0.000391,468,0.001017,0.3818,56653.66,59927.54,no,0.3818,0.0,-1.0,0
2026-06-10T21:13:53.401988,BTC,2.89,0.088,0.000138,263,-0.001425,0.3457,56555.95,62014.98,no,0.3457,1.0,1.8927,1
2026-06-10T21:13:53.402106,BTC,3.13,0.064,-0.000347,236,-0.003201,0.3198,56442.75,60299.26,yes,0.3198,1.0,2.1271,1
2026-06-10T21:13:53.402129,BTC,2.7,0.0691,-0.000771,588,0.000158,0.3698,56516.41,60708.53,yes,0.3698,1.0,1.7045,1
2026-06-10T21:13:53.402201,BTC,2.98,0.0769,-0.00055,733,-0.000351,0.3354,56415.32,61115.03,yes,0.3354,1.0,1.982,1
2026-06-10T21:13:53.402253,BTC,2.51,0.0461,0.000461,745,-0.000635,0.3979,56118.62,58833.07,no,0.3979,0.0,-1.0,0
2026-06-10T21:13:53.402466,BTC,2.95,0.0794,0.000697,341,-0.000707,0.3394,56088.25,60923.04,no,0.3394,0.0,-1.0,0
2026-06-10T21:13:53.402505,BTC,2.6,0.0826,-0.000384,553,-0.001059,0.3845,55782.27,60807.57,yes,0.3845,0.0,-1.0,0
2026-06-10T21:13:53.402590,BTC,4.45,0.0734,-0.000881,230,0.000515,0.2246,55918.83,60351.14,yes,0.2246,1.0,3.4529,1
2026-06-10T21:13:53.402716,BTC,3.26,0.07,0.000312,492,0.000602,0.3067,55978.59,60192.45,no,0.3067,1.0,2.2605,1
2026-06-10T21:13:53.402745,BTC,2.51,0.0684,-0.000818,302,-0.000479,0.3986,55763.33,59858.65,yes,0.3986,1.0,1.5086,1
2026-06-10T21:13:53.403082,BTC,2.93,0.0553,-0.000647,662,-0.001126,0.341,55131.97,58361.43,yes,0.341,0.0,-1.0,0
2026-06-10T21:13:53.403112,BTC,2.73,0.0455,-0.000855,600,0.000804,0.3661,54945.56,57565.26,yes,0.3661,1.0,1.7315,1
2026-06-10T21:13:53.403201,BTC,2.65,0.0782,-0.000322,675,-0.000567,0.378,54777.13,59425.71,yes,0.378,1.0,1.6456,1
2026-06-10T21:13:53.403436,BTC,2.55,0.0286,0.001031,845,0.001277,0.392,55223.84,56848.72,no,0.392,0.0,-1.0,0
2026-06-10T21:13:53.403456,BTC,2.83,0.0722,0.000108,634,-0.000738,0.3535,55241.39,59542.35,no,0.3535,1.0,1.8285,1
2026-06-10T21:13:53.403502,BTC,2.57,0.072,0.000151,835,0.001157,0.3888,55542.69,59854.18,no,0.3888,1.0,1.572,1
2026-06-10T21:13:53.403525,BTC,2.65,0.0321,-0.000161,785,-0.000537,0.378,55434.43,57275.14,yes,0.378,0.0,-1.0,0
2026-06-10T21:13:53.403546,BTC,2.68,0.0798,0.000306,433,-0.000491,0.3734,55497.29,60307.08,no,0.3734,1.0,1.6778,1
2026-06-10T21:13:53.403585,BTC,2.92,0.0909,0.001439,362,0.003251,0.3421,55579.5,61136.83,no,0.3421,1.0,1.923,1
2026-06-10T21:13:53.403595,BTC,3.37,0.0809,0.000525,125,-0.001353,0.2966,55471.16,60356.22,no,0.2966,1.0,2.3713,1
2026-06-10T21:13:53.403642,BTC,2.7,0.0532,0.000813,243,0.001388,0.3704,55578.45,58704.35,no,0.3704,0.0,-1.0,0
2026-06-10T21:13:53.403653,BTC,2.67,0.0454,0.000168,265,-8.7e-05,0.3752,55582.95,58226.5,no,0.3752,1.0,1.665,1
2026-06-10T21:13:53.403702,BTC,4.01,0.0841,-0.000446,528,-0.001463,0.2494,55553.0,60655.41,yes,0.2494,1.0,3.0099,1
2026-06-10T21:13:53.403876,BTC,3.23,0.0656,-0.000157,663,-0.000839,0.31,55909.0,59831.3,yes,0.31,1.0,2.2262,1
2026-06-10T21:13:53.403900,BTC,2.66,0.057,-0.000194,548,-0.001204,0.3765,55799.85,59172.1,yes,0.3765,1.0,1.6562,1
2026-06-10T21:13:53.403988,BTC,3.14,0.057,0.000299,668,-0.001701,0.318,55798.79,59170.91,no,0.318,1.0,2.1449,1
2026-06-10T21:13:53.404008,BTC,2.56,0.0702,-0.000122,753,-0.001095,0.3906,55713.07,59921.82,yes,0.3906,0.0,-1.0,0
2026-06-10T21:13:53.404045,BTC,2.56,0.0595,-0.000347,661,-0.000216,0.3912,55807.91,59338.93,yes,0.3912,1.0,1.5562,1
2026-06-10T21:13:53.404066,BTC,2.76,0.0908,-0.000126,676,-0.000858,0.3625,55855.45,61431.86,yes,0.3625,0.0,-1.0,0
2026-06-10T21:13:53.404263,BTC,2.7,0.084,-0.000904,467,-0.000822,0.3699,56049.08,61188.46,yes,0.3699,0.0,-1.0,0
2026-06-10T21:13:53.404273,BTC,2.66,0.0549,0.000242,621,-0.000517,0.3764,56003.22,59255.6,no,0.3764,1.0,1.6565,1
2026-06-10T21:13:53.404306,BTC,3.07,0.0292,-0.000592,299,-0.000743,0.326,55973.83,57656.3,yes,0.326,0.0,-1.0,0
2026-06-10T21:13:53.404654,BTC,3.15,0.0835,-0.000673,709,0.001926,0.3177,56302.29,61432.91,yes,0.3177,0.0,-1.0,0
2026-06-10T21:13:53.404708,BTC,3.36,0.0878,-0.000182,822,0.001202,0.2974,56417.51,61846.02,yes,0.2974,1.0,2.3629,1
2026-06-10T21:13:53.404748,BTC,2.91,0.0194,0.00021,461,0.002575,0.3434,56553.9,57675.26,no,0.3434,0.0,-1.0,0
2026-06-10T21:13:53.404794,BTC,3.66,0.0514,-0.000812,726,-0.000152,0.2736,56494.69,59553.16,yes,0.2736,1.0,2.6552,1
2026-06-10T21:13:53.404824,BTC,3.99,0.0839,-0.000563,331,0.003049,0.2505,56585.53,61769.96,yes,0.2505,0.0,-1.0,0
2026-06-10T21:13:53.404833,BTC,2.55,0.0839,-0.001098,847,-0.001886,0.3928,56420.02,61585.02,yes,0.3928,0.0,-1.0,0
2026-06-10T21:13:53.404873,BTC,2.55,0.0805,0.000154,652,-0.000738,0.3914,56102.7,61015.76,no,0.3914,0.0,-1.0,0
2026-06-10T21:13:53.404897,BTC,2.87,0.0835,0.000261,779,-6.2e-05,0.3486,56171.74,61291.12,no,0.3486,0.0,-1.0,0
2026-06-10T21:13:53.404950,BTC,2.57,0.0544,-0.000335,147,0.000157,0.3896,56344.41,59586.98,yes,0.3896,1.0,1.5671,1
2026-06-10T21:13:53.405022,BTC,2.6,0.0867,-0.000605,489,0.001312,0.3842,56410.13,61764.57,yes,0.3842,1.0,1.6031,1
2026-06-10T21:13:53.405084,BTC,3.54,0.0848,0.000149,609,0.002239,0.2824,56957.66,62238.56,no,0.2824,0.0,-1.0,0
2026-06-10T21:13:53.405160,BTC,3.74,0.0848,-0.000901,576,-0.00038,0.2673,56784.7,62043.61,yes,0.2673,0.0,-1.0,0
2026-06-10T21:13:53.405248,BTC,2.74,0.0784,0.000327,540,-0.003807,0.3646,56466.78,61269.17,no,0.3646,1.0,1.7425,1
2026-06-10T21:13:53.405459,BTC,2.95,0.0531,-0.000349,490,-0.001864,0.3394,56822.19,60009.61,yes,0.3394,1.0,1.9467,1
2026-06-10T21:13:53.405573,BTC,3.07,0.0703,0.000209,701,0.00067,0.3253,56708.3,60995.89,no,0.3253,0.0,-1.0,0
2026-06-10T21:13:53.405592,BTC,3.21,0.0392,-0.000281,213,0.001411,0.3112,56865.31,59186.57,yes,0.3112,0.0,-1.0,0
2026-06-10T21:13:53.405655,BTC,2.97,0.0672,0.000614,252,0.002601,0.3371,57077.84,61190.18,no,0.3371,1.0,1.9664,1
2026-06-10T21:13:53.405666,BTC,2.72,0.0766,-0.000155,797,-0.000456,0.3676,57061.17,61795.19,yes,0.3676,0.0,-1.0,0
2026-06-10T21:13:53.405787,BTC,2.75,0.0738,0.000131,545,-0.001396,0.3634,57178.71,61733.14,no,0.3634,0.0,-1.0,0
2026-06-10T21:13:53.405841,BTC,3.37,0.0616,0.000401,745,0.003376,0.2966,57374.68,61140.03,no,0.2966,0.0,-1.0,0
2026-06-10T21:13:53.406010,BTC,2.88,0.068,0.001217,488,-0.000383,0.3466,56907.8,61059.26,no,0.3466,0.0,-1.0,0
2026-06-10T21:13:53.406019,BTC,3.46,0.0904,0.00034,196,-0.002423,0.2888,56743.39,62382.74,no,0.2888,0.0,-1.0,0
2026-06-10T21:13:53.406030,BTC,2.9,0.0886,-0.000205,352,-0.00222,0.3444,56593.03,62094.25,yes,0.3444,1.0,1.9036,1
2026-06-10T21:13:53.406175,BTC,3.04,0.0596,0.000745,234,0.0003,0.3291,56766.99,60364.93,no,0.3291,1.0,2.0385,1
2026-06-10T21:13:53.406301,BTC,2.64,0.047,0.000493,779,-0.002806,0.3789,56310.72,59086.17,no,0.3789,1.0,1.639,1
2026-06-10T21:13:53.406363,BTC,3.82,0.0899,0.000673,656,0.001482,0.2615,56767.21,62376.45,no,0.2615,1.0,2.8246,1
2026-06-10T21:13:53.406386,BTC,2.62,0.066,0.000368,834,-0.00067,0.3823,56727.77,60734.04,no,0.3823,1.0,1.6155,1
2026-06-10T21:13:53.406438,BTC,3.02,0.0468,0.000418,737,-0.002312,0.3316,56527.97,59304.08,no,0.3316,1.0,2.016,1
2026-06-10T21:13:53.406457,BTC,2.83,0.0518,0.000428,634,0.000492,0.3532,56506.83,59596.72,no,0.3532,1.0,1.8311,1
2026-06-10T21:13:53.406467,BTC,3.01,0.0808,-0.000646,373,-0.001377,0.3323,56428.97,61391.89,yes,0.3323,0.0,-1.0,0
2026-06-10T21:13:53.406479,BTC,3.12,0.0873,0.000341,541,0.001798,0.3206,56539.72,61948.58,no,0.3206,0.0,-1.0,0
2026-06-10T21:13:53.406508,BTC,3.65,0.0743,-0.000697,518,0.003082,0.2738,56814.94,61376.03,yes,0.2738,0.0,-1.0,0
2026-06-10T21:13:53.406583,BTC,2.63,0.0624,0.000215,245,0.001818,0.38,56637.65,60404.59,no,0.38,0.0,-1.0,0
2026-06-10T21:13:53.406593,BTC,2.66,0.0445,-0.000572,728,0.0006,0.3763,56683.78,59323.34,yes,0.3763,0.0,-1.0,0
2026-06-10T21:13:53.406642,BTC,3.07,0.0509,-0.000653,298,0.00059,0.3255,56919.38,59969.16,yes,0.3255,0.0,-1.0,0
2026-06-10T21:13:53.406652,BTC,3.18,0.0815,-0.000684,763,-0.001393,0.3142,56841.55,61886.63,yes,0.3142,1.0,2.1828,1
2026-06-10T21:13:53.406852,BTC,3.74,0.0879,-0.000265,626,-0.003491,0.2672,57147.75,62657.2,yes,0.2672,1.0,2.7425,1
2026-06-10T21:13:53.406894,BTC,3.08,0.0774,-0.0002,577,-0.003673,0.3243,56730.08,61492.6,yes,0.3243,1.0,2.0839,1
2026-06-10T21:13:53.406903,BTC,2.59,0.058,0.000488,175,0.001479,0.3862,56865.39,60363.75,no,0.3862,0.0,-1.0,0
2026-06-10T21:13:53.406913,BTC,2.57,0.0566,-0.000693,206,-0.000765,0.3894,56793.65,60203.0,yes,0.3894,1.0,1.5679,1
2026-06-10T21:13:53.406945,BTC,3.22,0.0786,0.00042,140,-0.000949,0.3107,56693.85,61531.25,no,0.3107,1.0,2.218,1
2026-06-10T21:13:53.407058,BTC,3.25,0.0574,0.000134,676,-0.002754,0.3073,57070.26,60543.14,no,0.3073,0.0,-1.0,0
2026-06-10T21:13:53.407087,BTC,2.82,0.0811,0.00047,380,-0.000144,0.3551,56884.14,61907.75,no,0.3551,0.0,-1.0,0
2026-06-10T21:13:53.407138,BTC,2.51,0.0589,-0.000748,542,0.000117,0.3978,57060.92,60629.25,yes,0.3978,1.0,1.5138,1
2026-06-10T21:13:53.407158,BTC,2.57,0.0854,0.000225,373,-0.003134,0.3885,56865.29,62175.08,no,0.3885,0.0,-1.0,0
2026-06-10T21:13:53.407190,BTC,2.88,0.0704,-0.000601,283,-0.000118,0.3472,56756.53,61052.61,yes,0.3472,1.0,1.8803,1
2026-06-10T21:13:53.407224,BTC,4.31,0.0866,-0.000442,502,-0.002163,0.2321,56539.27,61897.18,yes,0.2321,1.0,3.3091,1
2026-06-10T21:13:53.407253,BTC,2.82,0.0893,0.000276,395,0.003529,0.3545,56726.69,62291.86,no,0.3545,0.0,-1.0,0
2026-06-10T21:13:53.407285,BTC,2.73,0.0639,0.000473,175,0.000709,0.3663,56561.39,60421.35,no,0.3663,0.0,-1.0,0
2026-06-10T21:13:53.407319,BTC,4.71,0.0718,0.000752,769,0.000636,0.2122,56683.18,61070.98,no,0.2122,0.0,-1.0,0
2026-06-10T21:13:53.407579,BTC,2.69,0.0196,-0.00011,205,-0.001923,0.3719,56706.25,57841.05,yes,0.3719,0.0,-1.0,0
2026-06-10T21:13:53.407630,BTC,2.74,0.045,-0.000927,150,-0.001839,0.3649,56597.21,59261.63,yes,0.3649,1.0,1.7407,1
2026-06-10T21:13:53.407682,BTC,3.39,0.0793,-0.000871,536,-0.000902,0.2951,56612.98,61488.41,yes,0.2951,0.0,-1.0,0
2026-06-10T21:13:53.407712,BTC,2.61,0.0316,-0.00034,663,-0.001037,0.3827,56399.94,58237.38,yes,0.3827,0.0,-1.0,0
2026-06-10T21:13:53.407743,BTC,2.5,0.0877,0.00028,356,0.001458,0.3996,56544.83,61979.3,no,0.3996,0.0,-1.0,0
2026-06-10T21:13:53.407831,BTC,2.59,0.0201,0.000638,810,-0.001501,0.3866,56034.62,57185.03,no,0.3866,1.0,1.5864,1
2026-06-10T21:13:53.407912,BTC,3.59,0.0889,0.000113,672,4.4e-05,0.2788,55977.33,61436.22,no,0.2788,1.0,2.5865,1
2026-06-10T21:13:53.407924,BTC,2.5,0.0686,-0.000711,616,-0.001572,0.4006,55863.46,59975.35,yes,0.4006,0.0,-1.0,0
2026-06-10T21:13:53.408033,BTC,3.74,0.0731,0.000417,690,0.000962,0.2677,55631.45,60018.44,no,0.2677,0.0,-1.0,0
2026-06-10T21:13:53.408067,BTC,2.53,0.0679,-0.000262,801,-0.000568,0.3952,55310.34,59339.15,yes,0.3952,0.0,-1.0,0
2026-06-10T21:13:53.408117,BTC,2.75,0.0653,-0.000227,622,0.000103,0.363,55242.67,59102.04,yes,0.363,0.0,-1.0,0
2026-06-10T21:13:53.408192,BTC,3.18,0.0625,0.000601,532,-0.001166,0.3145,55133.29,58810.04,no,0.3145,0.0,-1.0,0
2026-06-10T21:13:53.408318,BTC,3.22,0.0669,-0.000298,151,0.004157,0.3103,55741.29,59735.59,yes,0.3103,0.0,-1.0,0
2026-06-10T21:13:53.408395,BTC,2.53,0.0743,0.000297,824,0.000512,0.3956,56028.49,60523.99,no,0.3956,0.0,-1.0,0
2026-06-10T21:13:53.408457,BTC,2.69,0.0795,-0.000101,799,-0.000732,0.3718,55687.38,60496.37,yes,0.3718,0.0,-1.0,0
2026-06-10T21:13:53.408571,BTC,2.94,0.0531,-0.000507,427,0.001614,0.3399,55432.94,58544.18,yes,0.3399,1.0,1.9418,1
2026-06-10T21:13:53.408613,BTC,2.73,0.0378,-0.001045,224,0.002922,0.366,55536.31,57715.61,yes,0.366,1.0,1.7325,1
2026-06-10T21:13:53.408663,BTC,2.84,0.0741,-0.000153,745,-0.000159,0.3527,55590.68,60038.72,yes,0.3527,0.0,-1.0,0
2026-06-10T21:13:53.408675,BTC,2.59,0.0312,-0.000375,327,-0.001845,0.3868,55474.53,57262.38,yes,0.3868,1.0,1.5855,1
2026-06-10T21:13:53.408727,BTC,2.82,0.0671,-0.000523,454,-0.002193,0.3547,55129.29,59096.23,yes,0.3547,0.0,-1.0,0
2026-06-10T21:13:53.408757,BTC,3.03,0.0852,0.000198,547,0.001643,0.3306,55250.87,60399.4,no,0.3306,1.0,2.025,1
2026-06-10T21:13:53.408788,BTC,2.69,0.0683,-0.000552,389,0.00174,0.3722,54969.66,59000.34,yes,0.3722,1.0,1.6867,1
2026-06-10T21:13:53.408904,BTC,3.29,0.0553,-0.000208,665,-0.00029,0.3043,55432.55,58680.31,yes,0.3043,0.0,-1.0,0
2026-06-10T21:13:53.408936,BTC,2.5,0.0661,-0.000493,240,0.000948,0.4001,55602.2,59534.5,yes,0.4001,1.0,1.4996,1
2026-06-10T21:13:53.408976,BTC,2.69,0.0502,-0.000108,593,0.000957,0.3714,55440.97,58371.1,yes,0.3714,1.0,1.6927,1
2026-06-10T21:13:53.409051,BTC,2.6,0.038,-0.000724,687,-0.000896,0.3848,55110.4,57289.36,yes,0.3848,0.0,-1.0,0
2026-06-10T21:13:53.409142,BTC,2.61,0.063,0.000152,214,0.00137,0.3838,55082.97,58788.61,no,0.3838,0.0,-1.0,0
2026-06-10T21:13:53.409180,BTC,3.22,0.0784,-0.000482,327,-0.001416,0.3105,54848.72,59515.24,yes,0.3105,0.0,-1.0,0
2026-06-10T21:13:53.409254,BTC,2.64,0.0752,0.000593,511,0.000153,0.3789,55228.03,59716.79,no,0.3789,1.0,1.6394,1
2026-06-10T21:13:53.409264,BTC,2.77,0.0647,0.00051,765,0.000261,0.3609,55232.95,59052.99,no,0.3609,1.0,1.7705,1
2026-06-10T21:13:53.409283,BTC,3.55,0.058,0.000295,147,0.000257,0.2815,55432.37,58843.37,no,0.2815,1.0,2.5528,1
2026-06-10T21:13:53.409293,BTC,2.77,0.079,0.00082,644,-0.000847,0.3613,55405.0,60160.11,no,0.3613,1.0,1.7681,1
2026-06-10T21:13:53.409329,BTC,2.76,0.0537,-0.000439,299,0.000863,0.3624,55480.92,58628.49,yes,0.3624,0.0,-1.0,0
2026-06-10T21:13:53.409409,BTC,3.45,0.0868,0.00021,378,0.000188,0.2899,55535.11,60813.66,no,0.2899,0.0,-1.0,0
